source_id,ra,dec,ra_error,dec_error,parallax,parallax_error,pmra,pmra_error,pmdec,pmdec_error,phot_g_mean_mag,phot_bp_mean_mag,phot_rp_mean_mag,bp_rp,ruwe,p_pm,pm_method,r_proj_arcmin,p_spatial,p_cmd,membership_prob,is_member,dist_pc,dist_pc_err
4418720696961019008,229.07509314323437,-0.3138864735790353,0.1656384,0.14784078,0.5217907933657571,0.18548392,-7.974524285891411,0.21957846,-3.791332635869572,0.19908403,18.665329,18.99713,18.159067,0.8380623,0.99780494,0.0,window,12.54980245754606,0.024753799956097534,0.9811251713301905,0.0,False,,
4418721388451469440,229.1345052937815,-0.26050777987416573,0.46282113,0.44313613,-0.18579443637243961,0.5344661,-17.899640500253945,0.59492195,5.766961685113442,0.56856626,19.984798,21.435253,18.928404,2.5068493,0.8982282,0.0,window,11.201444172911343,0.0574628541216836,7.146570784142025e-27,0.0,False,,
4418722036990999424,228.9494325724715,-0.3382417230876284,0.5174086,0.4809743,0.9429792330496906,0.61908734,-7.699398729027253,0.6656228,1.7807484185071918,0.6620536,20.150814,21.231571,18.999893,2.231678,1.0047432,0.0,window,14.276719636638589,0.01,1.0434514175710412e-14,0.0,False,,
4418723892416710656,228.95530504456931,-0.22553796596235373,0.6012107,0.57354134,0.3057815807065681,0.7245573,-13.331974187243294,0.83020854,1.7121498472354277,0.7079992,20.204838,21.001783,19.312397,1.6893864,0.9741414,0.0,window,7.918347862010653,0.24663812551502512,4.178191298849991e-06,0.0,False,,
4418724201654528768,229.0178780703039,-0.2689383531934466,0.2517509,0.2209911,0.7657405134456818,0.28450385,-8.214686271259788,0.3009805,-6.628667358125161,0.2887404,19.062553,19.689827,18.310966,1.3788605,1.1061301,0.0,window,9.443384969059125,0.1353384508030502,0.06127697570675821,0.0,False,,
4418724373453247872,229.04674529481323,-0.2404816792240436,0.46743363,0.53199625,0.16385970919686188,0.6143035,-2.2735395655025274,0.66178375,-2.480098170596567,0.72013617,20.101768,20.459875,19.649755,0.8101196,0.95736486,0.7701514594801296,window,7.875276811604138,0.25044137715652826,0.8929541180812233,0.7677839475352536,True,,
4418725335525900288,228.98958250276854,-0.229088081140726,0.85055727,0.7452583,1.008184197974078,0.87515277,3.8193071213130496,1.4431562,-2.05828569732849,1.3670143,20.462774,21.3052,19.321754,1.9834461,1.0374948,0.0,window,7.311109160047707,0.30354665447333706,2.638468169324056e-07,0.0,False,,
4418725610403634944,229.06157433300638,-0.20288046717521468,0.3669785,0.30792078,0.1504097420396514,0.39974385,-1.9674425559014042,0.49987155,-12.949397033181542,0.4027439,19.648554,20.977448,18.602974,2.3744736,1.0113972,0.0,window,5.971784783103535,0.4507020305588218,3.423416977679991e-16,0.0,False,,
4418725644763374848,229.0316263175922,-0.19715279920989787,0.27347735,0.24720371,0.6421357396068864,0.33358228,-3.948962952707938,0.37746015,-1.1248539556652253,0.3267804,19.262554,20.085154,18.267668,1.8174858,0.95892215,0.0,window,5.166234262161972,0.5476546118589385,4.448496926565537e-05,0.0,False,,
4418725954001031040,229.0232296901584,-0.17003790868113441,0.48036942,0.42757598,0.5715442928411406,0.5316913,-3.563948682120202,0.68439645,-1.7798211488229634,0.57564217,20.058746,20.246063,19.601875,0.6441879,1.000936,0.15783734158424742,window,3.50718206896117,0.7370000197564032,0.8725096724049756,0.2746447940668798,False,,
4418726027016125056,229.05318507092784,-0.16753375565224154,0.08448524,0.07253768,0.027541380449216522,0.09568561,-2.92226414657332,0.1095135,-2.5748253615591667,0.08955586,17.339752,17.514114,17.016857,0.49725723,1.0516856,0.362649915299702,window,3.8453105330764688,0.7015917528705613,0.7862907035555614,0.5037614879834843,True,,
4418726400678281600,229.2020320606479,-0.2677472757001499,0.36821285,0.29507703,0.39211539041566523,0.41597527,-14.962842011208725,0.45067513,-3.9560901489227183,0.35701737,19.641598,20.332495,18.67993,1.652565,1.0280724,0.0,window,14.303351648055518,0.01,2.1226852858306295e-05,0.0,False,,
4418726611130756224,229.20284753831032,-0.24592356632500162,0.55128264,0.46686858,0.2130925550236143,0.6510466,9.280617359588407,0.6869139,-32.642883281518564,0.601424,20.237,21.411476,19.21088,2.2005959,0.96910626,0.0,window,13.521277614882104,0.011209558975761168,1.5542433892896155e-12,0.0,False,,
4418728084305474560,229.2066122999503,-0.17870716476777682,0.362136,0.28242874,0.2656816036141694,0.38796183,-1.9929363979476098,0.4316072,-8.55739358812999,0.34314162,19.707415,20.44958,18.826805,1.6227741,1.0166757,0.0,window,11.791469507566237,0.040810496159905195,1.850098122608233e-05,0.0,False,,
4418729836652135424,229.2632264519733,-0.14166085191365949,0.3938946,0.30193606,-0.0010234290629795098,0.41888142,-7.423720847754442,0.4585997,-5.470307666619818,0.36511564,19.801352,20.041525,19.37099,0.67053413,0.96474725,0.0,window,14.591463430588094,0.01,0.874616279735948,0.0,False,,
4418731004882571520,229.12197161591874,-0.1676027089621919,0.7403921,0.6610242,0.6948769009986442,0.74447715,-3.738642415581891,1.1159698,-4.24547472871587,0.94425434,20.473421,20.389122,20.151472,0.23764992,0.9818278,0.16368994853048366,window,6.880562290266833,0.3479635668435064,0.26346745422734824,0.15981145205933062,False,,
4418731726437083904,229.0846774634336,-0.15126167744355268,0.29123774,0.24473341,0.13051603408663673,0.31929168,-13.032930901460919,0.3933732,-0.9349345813921777,0.32099995,19.288631,19.701834,18.829535,0.8722992,0.9423057,0.0,window,4.45539639493468,0.6327169162736422,0.9050176874045774,0.0,False,,
4418731829516302848,229.09705387583304,-0.14192385615593472,0.08567194,0.07397135,0.006046467063990139,0.09734614,-2.7270947188045565,0.1099881,-2.5371723875929515,0.09107735,17.268955,17.550905,16.834576,0.7163296,1.067202,0.6885231894721099,window,4.862451188049781,0.5843622211705244,0.982044533809514,0.7881415036080043,True,,
4418731898235774720,229.0658424081214,-0.1603888850297125,0.3225537,0.2764477,0.07591323889417168,0.3510615,-3.1485383953680337,0.43388513,-3.1035970738304592,0.35104147,19.291409,19.81881,18.747389,1.0714207,1.0000484,0.30107654743154955,window,3.9396217521018224,0.6913225987770288,0.4239908635949496,0.3881149754399018,True,,
4418732070034472448,229.09982387609298,-0.13800245524168936,0.18020192,0.15379535,0.2414352991243208,0.20290272,2.3869196863127424,0.23872659,-9.35639182434049,0.19624609,18.486483,18.799484,18.067665,0.73181915,1.1108726,0.0,window,4.936507819962979,0.5754441666933916,0.9877136791717495,0.0,False,,
4418732143049556096,229.08607273464636,-0.1259670329223559,0.12056236,0.103826106,0.0038166280505740405,0.13451971,-2.7387906290163277,0.15764594,-2.556340085562172,0.12953298,17.841728,18.294468,17.221825,1.0726433,1.0614325,0.8359494038904874,window,3.945672208871344,0.6906584408142492,0.7762811142418953,0.8572474658399184,True,,
4418732280487626112,229.12841582900256,-0.1173040097336988,0.33047652,0.281199,0.42212311732656327,0.3504733,0.24190789668093535,0.45039642,-0.6272330902162833,0.3680246,19.56468,19.853092,18.989794,0.8632984,0.99875665,0.0,window,6.40009470560825,0.4009877107796757,0.8853565923172575,0.0,False,,
4418732551070815360,229.11097874673584,-0.10880641413057983,0.5008401,0.43711048,-0.04712253033537571,0.60434276,-3.367835410189915,0.6815683,-2.289132200137575,0.60162395,19.940842,20.236668,19.491812,0.7448559,1.2150879,0.5446427775716022,window,5.3473423020510085,0.5256922930479014,0.9964414641110105,0.656356640783228,True,,
4418732722870158720,229.21742859495228,-0.1387933614987761,0.5206062,0.4338352,1.5848882699130615,0.5477691,1.828226939317414,0.6541365,-6.8232312837865505,0.5470733,20.045147,20.12456,20.015879,0.108680725,0.83687186,0.0,window,11.844608693856825,0.039501188202977745,0.0011133651770514489,0.0,False,,
4418733100826629888,229.19304467909902,-0.0997803640730256,0.35259676,0.28654298,0.5152656658310437,0.37203228,-2.251134855408664,0.46120408,-3.542920694468185,0.36198786,19.618237,20.785418,18.601213,2.184204,1.0334456,0.03629117533351845,window,10.293120900421242,0.091791821166577,2.4850273400859278e-12,0.020190263387863797,False,,
4418887410411213952,228.8347973122566,-0.2990106594366929,0.21615739,0.18923365,0.30722409583000587,0.23810653,-4.377880214727829,0.3106757,-1.3965487667655816,0.25809395,18.849628,19.278116,18.261984,1.0161324,1.1213087,0.0,window,15.889245972783655,0.01,0.6933941240865651,0.0,False,,
4418887616569647360,228.82858748714116,-0.2921100306415622,0.29967546,0.25383335,0.732779517184973,0.32132417,-6.599370566761394,0.4491703,-1.75209495925866,0.36157137,19.43333,19.927065,18.665972,1.2610931,1.0077782,0.0,window,15.869229510303514,0.01,0.07104402698238199,0.0,False,,
4418911015551490176,228.90206447323538,-0.2685439504102862,0.15902548,0.1382937,0.29381903479358323,0.17607534,-5.168458440643528,0.22168493,-2.5253829135343593,0.17496093,18.330656,18.895359,17.653135,1.2422237,1.0357529,0.0,window,11.847820442076662,0.03942300300890999,0.40103180952893286,0.0,False,,
4418914073568342016,228.9870603780631,-0.12751042695647635,0.47434485,0.46596855,0.9471724762066027,0.5649524,-1.9622161581346242,0.700839,-2.050812859995056,0.6438562,20.027132,20.349783,19.41593,0.93385315,1.0652612,0.361821832878706,window,2.2980362955190743,0.8408582433396885,0.5191712813106355,0.5158414986991141,True,,
4418914657683896320,228.90666498345965,-0.125554355322341,0.16282326,0.14422773,0.5159063634433669,0.18553728,-1.5559591517848679,0.204515,-19.468058021796544,0.17666267,18.572107,19.370579,17.734173,1.636406,1.0359112,0.0,window,6.964597453193491,0.33904786966474537,0.022917978645860794,0.0,False,,
4418914730699187328,228.96913357461767,-0.1279288030267413,0.03622264,0.03197425,0.07280877831154785,0.041970905,-2.7344496732868375,0.046547286,-2.6612866515893217,0.039998464,15.966029,16.48631,15.281946,1.2043629,0.9324699,0.9969025097137819,window,3.314105250826708,0.7561168623259688,0.6487003657919832,0.9066449881488687,True,,
4418915001281293440,228.9460077425797,-0.11725014789885144,0.18229695,0.15255362,-0.02548605723791613,0.19377711,-2.5926302388820552,0.2642098,-2.3779498934220666,0.21418758,18.670803,19.120392,18.100983,1.0194092,0.9367576,0.4492742649585603,window,4.566128929709897,0.6197012706747961,0.7262532995270695,0.5523332093145323,True,,
4418915280455005056,228.79706733368621,-0.2044817690430817,0.0775112,0.0727292,0.12220500050923923,0.09346854,-6.201570306451844,0.10480794,-4.527218794646454,0.10201732,17.272152,17.598766,16.79507,0.8036957,1.0576643,0.0,window,14.595739539312369,0.01,0.9999472977090443,0.0,False,,
4418916581829233024,228.75673845475194,-0.13297732051103875,0.29208347,0.27420026,0.6251241444753013,0.33583567,-14.220013523667765,0.38971645,2.022490050035852,0.35709888,19.28822,19.79694,18.670446,1.1264935,1.1105485,0.0,window,15.961282071930684,0.01,0.30272970694827306,0.0,False,,
4418917269024338816,228.76102905099475,-0.10547604533264929,0.5507301,0.5207354,0.8868535111930242,0.6249069,-0.9597251821621466,0.7890083,-11.205894451093753,0.7717021,20.329224,20.916985,19.456795,1.4601898,0.9683358,0.0,window,15.656539464643847,0.01,0.0016549061435268964,0.0,False,,
4418918059298049920,228.89854993843107,-0.0907119273364415,0.34126005,0.29728937,-0.4435798314445394,0.38840377,-7.579944937652066,0.44248682,-4.824531957798347,0.37233463,19.401783,19.966488,18.66264,1.3038483,1.1795423,0.0,window,7.506355277923282,0.28448795431178636,0.04901211710383715,0.0,False,,
4418919914723879040,229.02135186353811,-0.11741018290804504,0.37285405,0.32383844,-0.0949916225503349,0.41275844,-3.0246259101652395,0.49307162,-1.8148867177992272,0.43488988,19.786789,20.549622,18.782585,1.7670364,0.93783855,0.14378378728939734,window,0.35015887867824913,0.9177778035383298,7.240277578616554e-08,0.24722578177041699,False,,
4418919949084019840,229.03741196249638,-0.11608080287047416,0.5739522,0.49449843,-0.2639207988618679,0.6396573,-3.519101740168721,0.83662087,-2.5243739694271783,0.6877623,20.237022,20.273119,19.849358,0.42376137,1.0393866,0.6338503961328705,window,0.9687680749727996,0.9057771376561905,0.42492255415257696,0.7100705860430465,True,,
4418920086522602880,229.05692389002144,-0.09739771179740687,0.6500393,0.54471487,-0.30223634621230383,0.71327794,-2.0872919208663774,0.81544626,-1.8031944465149767,0.7153911,20.448204,20.754778,20.077284,0.67749405,0.9753188,0.36800799968121733,window,2.2676295003609015,0.8429432806654322,0.9884054633770242,0.5976929381824393,True,,
4418920808077115392,228.99678380077216,-0.09320490916799393,0.51665294,0.45722693,0.0016845050926857785,0.5926426,-2.476684454585995,0.7267469,-2.449998191441207,0.6321328,20.212336,20.576406,19.682497,0.89390945,1.0266048,0.8954568606963389,window,1.867919048991065,0.8677617177389477,0.6180966069481156,0.8625785237254262,True,,
4418920808077123584,228.9884677307791,-0.08733531385762917,0.62297326,0.56886846,-1.2153180885189525,0.6729984,0.28399645296519427,0.9731267,-1.8625972114252674,0.8734177,20.322174,20.791052,19.908321,0.8827305,0.9453517,0.0,window,2.4785791417955854,0.827914179891882,0.6285194186226908,0.0,False,,
4418920842438432256,229.0048984660262,-0.0867081487003276,0.43128482,0.38441584,0.5464249757312258,0.4935909,-2.2992600265118894,0.58948696,-2.8090021307912583,0.5125618,20.017645,20.398905,19.519495,0.8794098,1.0121382,0.73819724485499,window,1.8086346118157672,0.8710290117349268,0.7178243132846419,0.8210211603716827,True,,
4418920846732620032,228.99634788972813,-0.08977650235424578,0.076765366,0.068795845,-0.16751270675299884,0.08878554,-2.577818106141316,0.09583619,-2.585617457570654,0.081690356,17.29302,17.559996,16.857498,0.7024975,0.92545915,0.47529401677078764,window,2.0161900908432964,0.8591205138961248,0.9756320845495846,0.7031790411534493,True,,
4418920945516102784,229.01051835575603,-0.06976708295221497,0.6780509,0.544462,-1.0218724237057686,0.69568485,-2.234880979075654,1.0106555,-0.7423766940747847,0.7982931,20.295452,20.615808,19.853651,0.76215744,1.1602112,0.052776592856582774,window,2.6012157578040522,0.8185784292384919,0.9252406988663917,0.11740204567146842,False,,
4418921014235565696,228.97635794990435,-0.07909635857524758,0.5025514,0.4202689,-1.4918142852511351,0.5944418,-2.222479814206029,0.6345243,-3.1447479340126527,0.58572716,20.02581,20.447971,19.573765,0.87420654,0.99045753,0.52039198941536,window,3.3570829287323667,0.7519360688970791,0.7331619080638229,0.6529583162057898,True,,
4418921220394038272,228.98736543601146,-0.048045609750631886,0.34119108,0.29084885,-0.3739839308762021,0.3879234,-2.3244974147457755,0.4551708,-3.062262140484474,0.36780116,19.64745,20.198502,19.017714,1.180788,0.9609161,0.38588550020803125,window,4.3398676913588945,0.6461556128101941,0.09164698765106055,0.39811778893301514,True,,
4418921254753776512,228.99097158305563,-0.0488357236818375,0.44582474,0.36488107,0.15451826865555762,0.49275285,-3.032647371889481,0.62005806,-1.638988455777553,0.46262747,19.755434,20.13753,19.192822,0.9447079,1.0613338,0.08932157604696049,window,4.198250090026394,0.6624037389122525,0.5915136823480825,0.14014300649458714,False,,
4418921323473238656,229.05213843428584,-0.05878556828406608,0.32460466,0.2851697,0.7541984192472386,0.3590581,-3.707994118886144,0.4475975,1.1476727807797558,0.3802652,19.577621,20.731922,18.529963,2.2019596,1.0008545,0.0,window,3.651493542596203,0.7221722931601314,4.480011380038823e-12,0.0,False,,
4418921323473240192,229.05351906932046,-0.05748536815639339,0.47781172,0.46658415,-0.17380095128182146,0.5153767,-3.5049940131503057,0.69035965,-1.438470835304903,0.6510674,20.047134,20.232853,19.612598,0.6202545,1.0325656,0.09829341321519172,window,3.7604997636761706,0.7106871831572107,0.7908963342261789,0.17165027987763556,False,,
4418921426552460928,229.06402530719,-0.0539063091353212,0.119656965,0.10680481,0.23681043949223257,0.14002727,-0.9200050836654978,0.15295681,-13.476669834896333,0.13385044,18.104675,18.483328,17.75705,0.7262783,1.0199033,0.0,window,4.286157750318932,0.6523488267830442,0.9854207590104449,0.0,False,,
4418922251186210304,229.13787806042518,-0.030551558594600237,0.44281727,0.35009584,0.7191627154506479,0.43956074,-1.3159405713766121,0.71729875,-10.706780639751447,0.49828625,19.873138,20.38956,19.272268,1.1172924,1.0205058,0.0,window,8.489461323521455,0.19966282433897944,0.09731461541964116,0.0,False,,
4418923213258904832,229.06735120464896,-0.013837424677148463,0.13951917,0.113409825,0.2560125490294234,0.14950089,-9.527537955505242,0.18833143,-13.975124579455642,0.14155628,18.1346,18.421604,17.681728,0.7398758,0.98274237,0.0,window,6.4686916050579475,0.3932203879533089,0.9910807313588491,0.0,False,,
4418924450209468544,228.9579959268283,-0.02870906904683371,0.693103,0.55024904,0.3372718584835982,0.7646818,-11.268875810634256,0.9630142,-5.741017689631559,0.7582628,20.449522,21.094242,19.91281,1.1814327,1.0446836,0.0,window,6.279859666636514,0.4147424008411094,0.08260627891360606,0.0,False,,
4418924518928958336,228.94806166923678,-0.017764203663610794,0.55457294,0.4721172,-0.03912317187895277,0.6368797,-2.81303591892952,0.7487127,-3.0826439995511485,0.6303989,20.292818,20.87801,19.719347,1.1586628,0.9164979,0.7933121722563119,window,7.164219865827131,0.31834101220672245,0.08132730434776957,0.6072330848473706,True,,
4418925171764227712,228.93044016236462,-0.019472345692175735,0.5307845,0.43385494,1.6719244244613076,0.5603863,-5.313069345219477,0.7254494,-3.805478792738816,0.61166257,20.017164,21.193111,18.881655,2.3114567,1.1201159,0.0,window,7.789001827672461,0.25816847884984434,3.691621066452917e-20,0.0,False,,
4418925274843219840,228.9332158010163,-0.002525327302115261,0.4231585,0.34409332,0.39918841680347056,0.46823105,-5.205362263949093,0.59916246,-7.5536731014872025,0.4548958,19.873577,20.602104,19.045473,1.5566311,0.9902146,0.0,window,8.434673053923126,0.20389001252754588,9.487420105783219e-06,0.0,False,,
4418925343562694016,228.9244846428754,-0.004559578795306306,0.4515862,0.39060062,0.7635971579713036,0.5121835,-2.61250552481004,0.6315363,-3.132222179347889,0.53473943,20.087826,20.370424,19.854633,0.51579094,1.0269061,0.668135061378916,window,8.683923264341908,0.18513505007320832,0.4935555980876354,0.5764583893920949,True,,
4418930669322337664,228.7937578380428,-0.055683866061466594,0.44258574,0.40398124,0.5081033838141418,0.49785265,4.797051846613682,0.6237367,0.015249750194574845,0.53585124,19.949505,20.954252,18.680212,2.2740402,1.0394629,0.0,window,14.093649118303215,0.01,6.723930769346127e-21,0.0,False,,
4418718223060034176,229.0480632897521,-0.3704752001249555,0.5050565,0.41846168,0.7848373656802512,0.56103706,-1.7797589218160055,0.6800275,0.09651490541518366,0.62469923,20.17888,21.097885,18.947094,2.1507912,0.9414126,0.0,window,15.6116361648707,0.01,9.757200292877277e-13,0.0,False,,
4418718841535131520,228.9979618530835,-0.3625791582340915,0.26501644,0.22316638,-0.03595991532197983,0.29538766,-7.6640495227136185,0.3395746,-5.08217034301755,0.29387397,19.344145,19.764126,18.946884,0.81724167,0.9441533,0.0,window,15.127090072383568,0.01,0.9764191638298207,0.0,False,,
4418719425650699008,229.04937626525674,-0.3149382531128689,0.31192258,0.2947437,0.26957516440190904,0.35796818,-4.637355393576339,0.42552623,-14.541400793882472,0.402981,19.630104,20.009674,19.142258,0.8674164,0.98392254,0.0,window,12.311173578592596,0.029223902653228176,0.8647321937662129,0.0,False,,
4418719494370178304,229.04246919411116,-0.3056705099694743,0.23331788,0.19807535,0.24040410856284922,0.25226092,-0.8584819377173443,0.31360576,-0.6396418434911448,0.27275085,19.132187,19.712095,18.485449,1.2266464,0.9056549,0.0,window,11.709450488034957,0.042890310564448406,0.18748905857372083,0.0,False,,
4418719597449378816,229.1114587723159,-0.35452884951637814,0.35107586,0.29204723,0.6417938037902481,0.4139672,-0.5193218690980688,0.43297675,-2.1523312084938038,0.35687935,19.595608,19.956972,19.087616,0.86935616,0.92521286,0.0,window,15.53469050566148,0.01,0.866411742480829,0.0,False,,
4418719941046769152,229.12921031188048,-0.333193756323938,0.27913088,0.24958262,-0.04483764611430775,0.33780572,0.15385123718825555,0.32023203,-7.052314930649274,0.29510245,19.108091,19.776373,18.30374,1.4726334,1.0431509,0.0,window,14.772586363988793,0.01,0.020569559234797488,0.0,False,,
4418720800040238592,229.1186745480759,-0.2956354878094609,0.5079757,0.4376017,-0.0760549760930868,0.5819544,-3.2422872362114505,0.674499,-2.627588713914353,0.5812927,20.153643,20.30616,19.618586,0.6875744,0.8275774,0.7533501298431277,window,12.47572115077803,0.026088025927421425,0.9920018228458934,0.6142451900444068,True,,
4418721659033714432,229.12076056441788,-0.2362866185551193,0.1943437,0.16943891,0.427978817266444,0.22020608,-3.353747078115831,0.24524407,-3.6637577911503163,0.21031134,18.859688,19.272654,18.459486,0.8131676,1.0099316,0.0,window,9.547379591951698,0.12934846585301243,0.991225823087833,0.0,False,,
4418722174429768064,228.97495621966712,-0.3160991231197056,0.21984658,0.19639042,-0.07188377660169416,0.26369455,-1.300500432780498,0.2756146,-2.4083739894127336,0.25433013,19.11577,19.44633,18.761812,0.6845169,1.0157385,0.0,window,12.589081198759578,0.024065384081246546,0.9410256035637345,0.0,False,,
4418722758545515392,228.98983142761168,-0.28088464782229156,0.5886353,0.5361736,1.204561262517808,0.70281136,-4.152065800549604,0.7693054,-31.049464099836424,0.77241504,20.323387,20.97925,19.449785,1.5294647,1.0040665,0.0,window,10.337719918739312,0.08982994109263004,0.0004898597200649248,0.0,False,,
4418723617538797696,228.9720273687995,-0.2548502738234482,0.4794126,0.41846272,0.5276150196136208,0.5480906,-1.498388490714968,0.7405421,-2.4167812173637055,0.66812456,20.006582,20.321325,19.503954,0.81737137,1.0329654,0.2417455663629465,window,9.101015277702103,0.1564449311741886,0.9121315464502633,0.22480235855883007,False,,
4418724476536379008,229.09328209249796,-0.2508568516562121,0.45602998,0.4179297,0.25345047532925813,0.5602886,-1.8574435319838818,0.57962006,-2.7905543057021958,0.54731643,20.057592,20.302576,19.567884,0.7346916,0.96480525,0.32288080369601196,window,9.389157380331321,0.13853869073482689,0.9999997057036859,0.2996382815933715,False,,
4418724682690693504,229.10175302098398,-0.22505789859205164,0.2707901,0.24443376,-0.23171281944184466,0.32725224,-3.2650082673765217,0.3442475,-5.13269226367692,0.30894706,19.356844,19.790699,18.916443,0.87425613,0.9560467,0.0,window,8.324483880553817,0.21257094471048013,0.8929726164283203,0.0,False,,
4418724923209083648,229.09533819492555,-0.20762027175796205,0.34461614,0.30141923,0.03483684567263094,0.40276068,1.2048132263272229,0.42718515,-0.5605540317718083,0.37922838,19.53666,19.922716,19.044455,0.87826157,1.0755482,0.0,window,7.253064605053459,0.30934682157684246,0.8562359181313619,0.0,False,,
4418725713482853248,229.06552458656418,-0.19257471664819656,0.3237979,0.2744659,0.7191612731019348,0.36519384,-6.373207681208816,0.4395883,-9.876120404296374,0.36230814,19.372095,20.444836,18.21669,2.2281456,1.0597682,0.0,window,5.518696172871666,0.5049449200805861,3.8874097027728224e-10,0.0,False,,
4418725850921807360,229.0196178769409,-0.19027566732598322,0.22205509,0.2026117,0.24233066620648616,0.2532776,-3.0699132580836306,0.31299645,-3.0176127071532153,0.25704288,18.943527,19.34468,18.352686,0.99199486,1.0120485,0.2455892845401109,window,4.722525521615766,0.6011288405132704,0.7230355665935502,0.3375581891495064,True,,
4418727298326433280,229.1667407748768,-0.24250618639176447,0.13314056,0.13697383,0.4435877405639462,0.15532637,-27.137037622485238,0.17198351,-36.42321091648049,0.16797327,18.311083,18.74186,17.696037,1.0458221,0.9810373,0.0,window,11.71386872051262,0.04277642950412575,0.7460729727577191,0.0,False,,
4418727740707418880,229.17519941797744,-0.18715384031868454,0.12263191,0.10966975,0.26528601581611766,0.14752299,0.46956304622795325,0.14153239,-9.116949330848682,0.1277459,18.081886,18.479172,17.557245,0.9219265,1.0571463,0.0,window,10.254385337485548,0.09352059290759897,0.9362019000544445,0.0,False,,
4418729527414488832,229.25477675431583,-0.15599029016160593,0.8068273,0.5396564,0.8007721618141448,0.87946403,-0.5779376626516557,0.79187065,1.5629766676256607,0.6693893,20.34771,20.556108,19.842073,0.71403503,0.980854,0.0,window,14.224160760102176,0.01,0.9761743500100766,0.0,False,,
4418730867443614336,229.09747307281702,-0.1796578290325582,0.5332577,0.506714,-0.23029464537803776,0.6426023,-2.857222325505531,0.746331,-2.5626765666094458,0.7112571,19.95451,20.304707,19.239828,1.0648785,1.0830503,0.9778922026332102,window,6.102072495067367,0.4353795603248685,0.1470324001218096,0.745570033263322,True,,
4418730867443782400,229.103829929326,-0.1873801855274193,0.599058,0.49415347,1.2530734968454909,0.62323767,-7.40090389309924,0.729333,7.103738905439449,0.5956601,20.155708,21.437109,18.946772,2.4903374,0.9258958,0.0,window,6.696151711056708,0.36791903836625345,1.0045737617255748e-19,0.0,False,,
4418731898235774208,229.06298412834914,-0.15653655579003023,0.2253582,0.18848275,0.35283307684583415,0.24588448,0.396007359043707,0.3306582,-14.601389228107712,0.25232118,18.96608,19.273003,18.572744,0.70025826,0.93152606,0.0,window,3.6532034820445456,0.7219939764654256,0.9623093967616853,0.0,False,,
4418732138753952128,229.08242691828056,-0.12657993028112718,0.19460993,0.17718834,0.0613936326933582,0.21654071,-11.256205216105677,0.2657168,0.5724278284505986,0.22597459,18.712801,19.078182,18.270435,0.8077469,0.99472564,0.0,window,3.7411779022145106,0.71274013086318,0.995128714693739,0.0,False,,
4418732276192906496,229.13293394704357,-0.12197822002790644,0.5350249,0.44818744,0.04923881029712772,0.55852205,-4.744078238629966,0.79417646,0.8078176228852945,0.6342643,20.022972,20.757347,19.28493,1.4724178,0.89814055,0.0,window,6.691062177779515,0.36847711508776765,6.960854699167734e-05,0.0,False,,
4418733272625976064,229.26975330072565,-0.10383259459493366,0.23609409,0.19121557,0.3259576189431874,0.25475177,1.879480559158766,0.29496694,-6.467195282004456,0.22618712,19.063093,19.572794,18.457804,1.1149902,1.0559684,0.0,window,14.878470672021294,0.01,0.4103466417915274,0.0,False,,
4418734165978521728,229.14462493836115,-0.0736189919134744,0.08912977,0.07035747,0.11096094469986831,0.09262724,-2.821311153425574,0.11702819,-2.7000352498963367,0.08883481,17.396036,17.562326,17.209726,0.3526001,1.0461283,0.7904455066685061,window,7.708052749422955,0.265549892234052,0.5909888701534337,0.7241105314816152,True,,
4418887444771334912,228.84953712608123,-0.2905005510713963,0.65205556,0.6107147,0.07691267113412424,0.73337865,1.4089245422106382,0.97099966,-9.205189800419186,0.8438741,20.30352,20.961473,19.054611,1.9068623,1.0801102,0.0,window,14.905412344580641,0.01,9.364726662302164e-08,0.0,False,,
4418912767898203392,228.84509825358987,-0.1936926473630386,0.3303366,0.31186995,0.6917702682345727,0.38484994,-10.583092144216419,0.43649793,-10.898675144320556,0.37747207,19.412022,20.38946,18.313179,2.0762806,1.1369193,0.0,window,11.695836442665769,0.043242548636683614,1.3286214912158792e-08,0.0,False,,
4418913077135842048,228.97482448834575,-0.20385663575140184,0.31258717,0.27143756,0.0127439487420348,0.35371873,-0.28295452715408964,0.43125957,-11.518980381071199,0.34855098,19.462755,19.899067,18.697088,1.2019787,0.9916546,0.0,window,6.214384605753641,0.4223032641288401,0.12016178687202278,0.0,False,,
4418913150151213696,228.95506159133612,-0.1959952114740534,0.13779476,0.116413124,0.31750407273749826,0.15109077,-4.698936991042418,0.1932538,-13.777191655464826,0.15517516,18.306229,18.900362,17.601002,1.2993603,1.0076451,0.0,window,6.4593860016099,0.39427052509784544,0.32109124779895915,0.0,False,,
4418913661251417344,228.9887335700639,-0.17475553898093302,0.7249332,0.6659902,-1.0007101624875399,0.76354235,-5.148841143328504,1.2543435,-1.7351538937254953,1.2105535,20.403849,20.582771,19.873886,0.7088852,1.1336058,0.11840104396996971,window,4.2800780389312205,0.6530475509235519,0.9701602103335938,0.19980151783465966,False,,
4418913695611185920,229.00219777422805,-0.1520837743461259,0.2418401,0.21371332,0.2134963377513155,0.2761231,-1.9451919492161531,0.34046245,-2.920929133241229,0.27843106,19.15915,19.628498,18.606735,1.0217628,1.0058973,0.057680480891286495,window,2.701407774981198,0.8106312919689465,0.5943467842908426,0.11441946934340157,False,,
4418913695611508864,229.00091705197894,-0.16053211586736418,0.49222463,0.39862064,-0.5649734125974651,0.5084049,-3.2559453137232577,0.7244695,-2.140801898121113,0.55485535,19.928005,20.393911,19.38474,1.0091705,1.0736618,0.5102392582377363,window,3.1944770842670347,0.7675202997626405,0.29150021783250496,0.5611173931618493,True,,
4418913798692088576,229.01484033069937,-0.14532195617694976,0.5594785,0.47258624,0.013989341765678244,0.6071514,-2.90916112482168,0.792014,-2.7980412611333914,0.6800632,20.243317,20.378973,19.906803,0.47216988,1.011144,0.9539538431827375,window,2.067179878923494,0.8559942710670979,0.5710477983130687,0.8704423068267485,True,,
4418913901769612288,228.98348356863588,-0.15227752731382616,0.40164557,0.34610403,0.6669776170119684,0.46211448,-3.9154019875344312,0.5829708,-2.743114119117517,0.5110434,19.766417,20.177671,19.324438,0.85323334,1.1036043,0.13227500545132329,window,3.3570403901277333,0.7519402284921253,0.8743239275437243,0.24022603185898028,False,,
4418913901769619200,228.98770117898894,-0.14723569932541533,0.10442977,0.08796478,0.34125561361478185,0.115994714,-2.920871852699614,0.14392067,-2.582531922100693,0.118634075,17.847141,18.325409,17.204891,1.1205177,0.9776167,0.49699034998295166,window,2.963452168684027,0.7885250822157522,0.7056649539595428,0.641622598588797,True,,
4418913901769619584,228.98091350179007,-0.14648218257176618,0.58375543,0.46726555,0.7253475277256132,0.63222224,-2.0682267630682816,0.8837252,-2.177898960023697,0.8060185,20.261187,20.224743,19.686901,0.5378418,1.0146611,0.6384908064607216,window,3.229233959232775,0.7642431296691953,0.7785665407893224,0.7506353452666682,True,,
4418914004850482048,228.99776849661353,-0.13768527993159876,0.47112405,0.40870014,-1.7980191325076391,0.5268138,-1.2317482744765265,0.68250114,-4.170365844064812,0.56813014,20.096872,19.994997,19.221157,0.77383995,0.9319068,0.0,window,2.1321277334773097,0.8518981847835507,0.9642644352597861,0.0,False,,
4418914039213637504,229.00656786114527,-0.1258660245055172,0.26568922,0.23458953,0.464769850348099,0.3023333,-3.1904161651097924,0.3472801,-2.741206138769135,0.30427095,19.333044,19.7341,18.742308,0.9917927,0.9760658,0.4280051971629742,window,1.2565567885122308,0.8962902758157419,0.6137948754769789,0.6191700975186877,True,,
4418914107928077440,228.99835452630623,-0.1282059333722779,0.48073512,0.46384528,-0.3311095507184279,0.5718977,-2.8777090240935417,0.6918854,-3.1153916930299332,0.6426226,20.136452,20.291779,19.660965,0.6308136,0.98028326,0.7603490566371518,window,1.7287334395003604,0.875262408885171,0.9017144031055858,0.875984932029516,True,,
4418914318382327040,228.94329736566277,-0.1432647122719332,0.067378595,0.060153905,0.2537863891566123,0.07839017,2.282815883151267,0.08679713,-35.29466406822815,0.07710538,17.151264,17.436264,16.672417,0.76384735,1.0398998,0.0,window,5.084448532241506,0.5575638413045892,0.9967053938878166,0.0,False,,
4418918956946358144,228.82282613446657,-0.06143527827679572,0.68948877,0.5835942,0.4934637869668941,0.74835914,-6.423041081221468,1.0248064,-3.6607955394229914,0.9402184,20.461464,21.351404,19.383583,1.9678211,1.0676191,0.0,window,12.317804609946645,0.029092828973802436,3.701032244732873e-07,0.0,False,,
4418919708565424000,229.03342818222217,-0.13282112064435492,0.6037178,0.52124137,-0.37487498937289504,0.6683015,-4.150609241734251,0.88532317,-7.0975353565345785,0.72242856,20.40644,20.83692,20.147083,0.6898365,1.0084096,0.0,window,1.44901483538791,0.888542345537143,0.986123941932031,0.0,False,,
4418919919019677952,229.02377456670828,-0.11595549714127601,0.07577082,0.067720965,-0.06452174556694283,0.087757766,-2.7578512377306916,0.09464591,-2.793052346325723,0.08189958,17.311436,17.598839,16.869617,0.72922134,0.9726786,0.5493025486676422,window,0.2845059445696231,0.9183876533484265,0.9871618516752545,0.7938216994772319,True,,
4418919953379417344,229.027089800734,-0.10851754855317042,0.0877762,0.080926575,0.05786201945056635,0.10321202,-2.599621474728026,0.11309374,-2.5719398921516987,0.10083027,17.56759,17.971386,16.983128,0.98825836,0.9672207,0.5828121098516008,window,0.362170637997133,0.917652533173106,0.9035868998319604,0.7972428640391409,True,,
4418919983443354752,229.01100459758655,-0.11855584276276132,0.4607316,0.4150234,-1.0658920743230735,0.5323352,-2.503824893578229,0.6346259,-2.4864338214744204,0.5640722,20.123642,20.437181,19.615524,0.8216572,0.98566574,0.9005513804802433,window,0.7755869589652385,0.9107464592964839,0.8563121941275939,0.9304363711643161,True,,
4418919987739244800,229.00899747264316,-0.10854343841267526,0.35784066,0.34557924,-0.39665610438283117,0.41592836,-2.4391986293977634,0.49304476,-3.566960389784174,0.45859176,19.62314,20.131441,19.15005,0.9813919,1.0388119,0.1276146869769811,window,0.795576355633553,0.910284038759729,0.5313754085621805,0.2736670929642856,False,,
4418920017803126528,229.02487814230363,-0.09763244586003861,0.13655046,0.122234195,-0.08369516549491818,0.15600732,-2.0681626134975057,0.17724712,-2.3670755555725593,0.15275222,18.34302,18.794798,17.708027,1.086771,0.99838436,0.0,window,0.8568913114881724,0.9087911818864347,0.6690009694782186,0.0,False,,
4418920159537850240,229.0469511061343,-0.07804038290599302,0.39803705,0.44232485,0.27434290426564545,0.5777809,-3.3256304473479616,0.5892438,-3.106052151854031,0.65351975,19.842787,20.272894,19.258108,1.0147858,0.9081476,0.481735931222093,window,2.5127061853364143,0.825359965468061,0.32145349987754107,0.5664839841707742,True,,
4418920533199234048,229.0456593262354,-0.07555073015972082,0.5206074,0.4515279,0.3430259897287216,0.60091156,-2.3614511025872504,0.75538915,-2.864921977654469,0.66137606,20.197527,20.61085,19.709724,0.90112495,0.9180184,0.846465189955288,window,2.590481011522988,0.8194129339548332,0.5990163295287391,0.8323688523160787,True,,
4418920743653534592,228.99200185947672,-0.10514023427431182,0.9250254,0.7442197,1.0004363657244681,0.8313083,-8.71429474310226,1.3413529,4.912274635744821,1.0866847,20.251078,20.084839,19.272907,0.8119316,1.1396204,0.0,window,1.8352782783860455,0.8695739167483196,0.836387375307875,0.0,False,,
4418920808077123712,228.98550898164933,-0.08703414811332165,0.46400133,0.42065743,0.47929118263044607,0.51180184,-3.2982133198857526,0.68410397,-2.7980138457004724,0.59676623,20.001991,20.332405,19.607082,0.7253227,0.9933156,0.6934675557743153,window,2.6343910447327263,0.8159785943174082,0.9901505334463407,0.8438365763884118,True,,
4418920842436863744,229.00030331014904,-0.08723587920864721,0.18347082,0.16305257,0.23628406257811596,0.20968613,-3.1308944987333014,0.23930234,-2.3944688559206835,0.2086911,18.697256,19.186806,18.092142,1.0946636,1.101155,0.16145506831624037,window,1.953482083291296,0.8628568791331793,0.5687627602105277,0.3025959590588966,True,,
4418920846732619904,229.00482652413712,-0.08505517822113694,0.36321765,0.32090202,0.8415220693444491,0.41454557,-1.2630069333656,0.47944328,-4.088262988017254,0.42282924,19.706198,20.606018,18.92034,1.6856785,1.0345551,0.0,window,1.8936916663979024,0.8663078357085474,3.61733547331799e-06,0.0,False,,
4418921082955045120,228.97072601009242,-0.077367654079951,0.3972031,0.3428292,0.5064770058856647,0.4463474,-5.180593390040624,0.5273856,-4.105265779411698,0.44419205,19.621225,20.45218,18.71543,1.7367516,1.0639399,0.0,window,3.6940810675737614,0.7177134379960101,3.4267508286183848e-06,0.0,False,,
4418923075819957632,229.10951180897177,-0.00869851775404114,0.18085727,0.14177534,-0.07281689150318396,0.20582324,-11.633986044874305,0.20536824,-2.442620623621507,0.17095062,18.530008,18.906733,17.955198,0.9515343,1.0193461,0.0,window,8.10877635620962,0.23025946658835436,0.8653408317735075,0.0,False,,
4418924759447138176,229.03059376441695,-0.0077945339515580565,0.5139716,0.4561494,1.6415977994358018,0.59132636,-16.57058108661749,0.7179669,-6.0759404356803906,0.6377547,19.845222,20.478455,18.956215,1.5222397,1.1206182,0.0,window,6.2501329365294955,0.418169222127356,3.780814427705339e-05,0.0,False,,
4418925244779145216,228.9123565727467,-0.012489166409566745,0.5335555,0.48627174,0.5401145642595475,0.5675626,-12.428774550806729,0.82944906,-3.139884708132744,0.7677185,20.15636,20.826586,19.429909,1.396677,0.9816689,0.0,window,8.863499723574979,0.17237366130829104,0.0015192870095982645,0.0,False,,
4418925446641909632,228.89953632663511,-0.004836069533837354,0.1816688,0.14915112,0.22560768858591482,0.20523427,0.7434549981069947,0.2186464,-4.102064768575189,0.19316393,18.749714,19.1371,18.338568,0.7985325,0.9554063,0.0,window,9.74355453466868,0.1185664416836701,0.9975034538278498,0.0,False,,
4418719047693564544,229.0239680406906,-0.35472547191902065,0.34256768,0.2810505,0.7892639625464568,0.38077,-6.158616824285085,0.44213733,-7.32343176990788,0.3680863,19.617537,20.52645,18.770332,1.7561169,0.96327174,0.0,window,14.588056030153846,0.01,2.1879105739620807e-06,0.0,False,,
4418720460738494080,229.14560894468568,-0.29046062444815895,0.035025354,0.034533687,0.027952004884330986,0.041895796,-2.794427979871433,0.043412287,-2.665792367890398,0.03899769,15.867802,16.431711,15.145897,1.2858143,1.0145489,0.8347098964126104,window,13.04844375716532,0.016937567787966828,0.5356381146431658,0.6121849124671002,True,,
4418722449307679872,229.03962986753046,-0.29732124831632517,0.21651356,0.1855627,0.5282621460493285,0.24465182,-23.289060511758038,0.27744332,-9.038108468157194,0.25037766,19.034527,19.848537,18.154509,1.6940289,1.0073004,0.0,window,11.193936962052845,0.05770122634254779,0.0018545070865497025,0.0,False,,
4418724751410168704,229.06969383873025,-0.22948348975985844,0.28952417,0.26283827,0.7126639197860323,0.34724015,-4.572980289178223,0.36355883,5.9173922982522225,0.33481893,19.454481,20.387264,18.49099,1.8962746,1.0377071,0.0,window,7.632216863046864,0.27257950900354555,7.379863772498172e-07,0.0,False,,
4418724854489389312,229.0670779063265,-0.20757700374118565,0.35520026,0.2888116,0.6133194709665599,0.3746544,-55.59478869868033,0.45262396,-9.245369080952043,0.37392905,19.521757,20.366983,18.517996,1.8489876,0.9540927,0.0,window,6.3647022401221625,0.40501844019358046,8.659869283809609e-07,0.0,False,,
4418725232446508160,229.01070507512318,-0.22286026219908853,0.16215223,0.13475442,0.07530716647769276,0.17563462,-4.368795468668241,0.2103144,-4.487171826636895,0.17101942,18.445484,18.872759,17.848337,1.0244217,0.969504,0.0,window,6.709323253778043,0.3664765357274638,0.7594440948452689,0.0,False,,
4418725885281549056,229.02836051862633,-0.18309845832139665,0.41324884,0.37528604,1.1182116417023091,0.5079338,-4.46663947073322,0.584854,-4.7505257406793335,0.51066107,19.87934,20.249437,19.38772,0.8617172,0.9215402,0.0,window,4.307384782634236,0.6499055260463233,0.8248344523013188,0.0,False,,
4418725889577171328,229.02409279044747,-0.18685870130568757,0.0811208,0.070474006,-0.06961584204832932,0.090096354,-2.8820825648097945,0.11082102,-2.6118670891955507,0.08795342,17.359756,17.458864,17.051405,0.40745926,0.8889615,0.5660515062473107,window,4.517438384983583,0.625439494552187,0.6671862964664432,0.6414158037113177,True,,
4418725988360766336,229.03771007392913,-0.1791669684195013,0.42963067,0.36456075,0.20771162360284517,0.47249326,-1.9430751107784783,0.60990494,-3.0336670177793548,0.48898864,19.936241,20.294725,19.30194,0.9927845,1.0223725,0.33290576314167714,window,4.163521317184842,0.6663465109281397,0.3359948578794546,0.39889617880401074,True,,
4418726057080246016,229.0261636990771,-0.1703671528389206,0.6094348,0.58751965,-0.2857675691668905,0.6758601,-2.6778952287189606,0.907205,-3.2182822228820043,0.8263287,20.27439,20.894445,20.011326,0.8831196,1.0321896,0.7934015927527641,window,3.5352972052032996,0.7341462336609561,0.6370461903056648,0.8051435930538915,True,,
4418726331958806400,229.2289408022126,-0.26235559884009246,0.3991881,0.2848866,0.0031780372928751984,0.40620962,1.8306380551165675,0.48179874,1.7152275101099814,0.34050608,19.688728,20.570068,18.742544,1.8275242,0.98183346,0.0,window,15.366676096192277,0.01,8.191618622755069e-08,0.0,False,,
4418730867443611904,229.09439318836695,-0.18423785850795155,0.8124448,1.0372398,0.3988462100943677,0.94860387,-4.141990173366548,1.3573079,-2.3744443940043043,1.4153832,20.306253,20.854109,19.777561,1.0765476,0.9845667,0.5725894958703326,window,6.157386075079864,0.42892324442902036,0.17996812422604633,0.5040182512056024,True,,
4418731348479959424,229.15643722414856,-0.15778301987021187,0.44521147,0.3482592,0.5750194119121073,0.46635294,-3.0880924920609814,0.5540681,-0.5745847162969175,0.43553436,19.84586,20.099041,19.352243,0.74679756,0.88855666,0.0,window,8.534579216874784,0.19622611224848818,0.9970449746993731,0.0,False,,
4418731485918920448,229.17269948994172,-0.1370760263838515,0.369032,0.3015438,-0.09316182858168043,0.39696336,-25.17615043333923,0.48329812,-5.757148010483638,0.38028085,19.709982,20.37377,18.898508,1.4752617,1.0128539,0.0,window,9.176161513676847,0.15162706580466898,0.0005494536825540661,0.0,False,,
4418731696372955136,229.07454547719004,-0.16650316256102002,0.08520303,0.076291494,0.11952955361680434,0.10396523,-2.8329074605174274,0.114307836,-2.731817320133512,0.09731779,17.322657,17.579065,16.785982,0.7930832,0.96189415,0.6804111484931077,window,4.563903465934779,0.6199640346137315,0.9999005474620012,0.7928429551688665,True,,
4418732104394210176,229.0755321245697,-0.1392821102137792,0.6929508,0.52616346,-0.005632521434879759,0.76563436,-2.139489513232259,0.85742366,-1.9573060720391104,0.71000576,20.34469,20.700945,19.831533,0.86941147,0.9654985,0.4935968784451837,window,3.6212836338154637,0.725312715110026,0.660191203283315,0.6098858948229635,True,,
4418733105121431808,229.1999353025382,-0.10592438978955647,0.4483668,0.36678615,-0.4018018772796756,0.47546706,-3.1653125734540932,0.6242763,-5.044388056392996,0.47245172,19.962214,20.881212,19.032387,1.8488255,1.0188497,0.0,window,10.68752452602378,0.07547062698866258,2.309314702205647e-11,0.0,False,,
4418734234697999232,229.17007318092794,-0.06725287251375939,0.34697857,0.2979458,0.5624128922185746,0.37004712,-1.6134151302203028,0.4803204,-4.198657101911476,0.3838132,19.532734,20.10568,18.916988,1.1886921,1.0591375,0.0,window,9.28001904531199,0.14514111992873266,0.11540441806360424,0.0,False,,
4418828689618600960,229.25105443426452,-0.0018741147472731109,0.24966109,0.21263227,0.3763412661459831,0.27595198,-13.347865118249814,0.32845268,-15.244551597043142,0.27078637,19.260916,20.037552,18.442078,1.5954742,0.9454111,0.0,window,15.244171722108694,0.01,0.0020000834316924406,0.0,False,,
4418911599667076480,228.92258753348887,-0.22257966077980837,0.20844923,0.18461847,0.19479300369619473,0.23447928,-12.457973067099061,0.28791177,-1.4634706923502792,0.22918855,18.740469,19.162184,18.10892,1.0532646,1.0315176,0.0,window,8.935652706602227,0.1674212463371707,0.6423885880929748,0.0,False,,
4418911737106033792,228.87621414912334,-0.2189292618379541,0.242868,0.22000778,-0.21733801211608195,0.2707032,1.2955542794080048,0.348336,-8.061842756782283,0.2920903,19.142784,19.392942,18.77543,0.61751175,0.9535602,0.0,window,10.85715825855674,0.06913686264179095,0.8241998867940784,0.0,False,,
4418912080703407872,228.84096381905485,-0.23069729014010512,0.24773848,0.21352726,0.5062156324859408,0.2634724,-4.031013646834347,0.3835639,-1.9941594293386475,0.31241423,18.99824,19.566692,18.388115,1.1785774,1.0468719,0.0,window,12.996883888273185,0.017656661963896363,0.3078092506213275,0.0,False,,
4418912699179080960,228.88690963239944,-0.18729217045953142,0.5646165,0.7655015,1.5711538827605591,0.76954365,-3.711310192829518,0.8031808,6.917105172877671,0.83528894,20.056746,21.154829,18.937513,2.2173157,1.0079969,0.0,window,9.285789442440448,0.14478658736718303,9.882877915202069e-17,0.0,False,,
4418913218870688768,228.99144926267624,-0.1898539475581684,0.08565344,0.06982992,0.06149899849348851,0.09335466,-2.638817131932499,0.11396553,-2.593257894103316,0.08856523,17.348421,17.532215,17.027433,0.5047817,1.0481781,0.7525970058409397,window,5.038186886063408,0.5631625554773732,0.7956500010273857,0.792106385001283,True,,
4418913489457822720,228.9758628663329,-0.1686933954136982,0.15556426,0.13011259,-0.09547236784735466,0.16925685,-2.733594562277425,0.21321721,-2.5880919259936936,0.17277914,18.49278,18.878033,17.892479,0.98555374,0.8875228,0.946848955358667,window,4.400526737477473,0.6391186727738237,0.8173287241340507,0.925059062103132,True,,
4418914107928089856,228.99814077648873,-0.120709386434036,0.851434,1.0430529,0.7959679273311163,0.9207697,-1.7237678590401186,1.459428,-3.9782247131409076,1.4596697,20.409435,20.57381,19.98203,0.5917797,0.9471256,0.5240516195345005,window,1.52673708709502,0.8850927487983885,0.9699637743754211,0.7535210687346037,True,,
4418914107928092160,228.99016188029995,-0.11948088161174687,0.24491827,0.23010176,0.1709104193203508,0.28896254,-2.7872824396687017,0.32949015,-2.689097349239275,0.28756717,19.217215,19.661402,18.616602,1.0447998,1.0395448,0.979726216594603,window,1.9621125797743004,0.8623497465955587,0.5173232846864887,0.8643673961799613,True,,
4418914661979168384,228.91692510911386,-0.12436222947366105,0.5764043,0.50472957,1.0636989843879772,0.62923205,-14.798907163767716,0.8679934,-7.532610429450157,0.76706034,20.204124,21.063583,19.003197,2.0603867,1.1580294,0.0,window,6.344857561597114,0.4072851990473019,6.672570473465016e-11,0.0,False,,
4418914863842345856,228.98840075148627,-0.11479967836214669,0.07783513,0.07570174,0.055497036419870194,0.095013104,-2.720593977319867,0.10156734,-2.631685977260435,0.089409895,17.36297,17.4676,17.055412,0.41218758,1.0148016,0.9841145860190356,window,2.0190988104715517,0.8589442997609122,0.6736959360102558,0.9092948934463366,True,,
4418919639845925504,229.04221708423015,-0.1477855664304248,0.66724324,0.5228153,-0.4427037931022921,0.6619912,-2.3440568078952193,0.94568866,-2.7315680860625067,0.7613984,20.09885,20.581308,19.614408,0.9668999,1.1552643,0.9162586451830329,window,2.4899476356833903,0.8270670776163975,0.40544634577696637,0.8085201223503293,True,,
4418919674205685376,229.05409800172288,-0.13275867090446083,0.6541516,0.5999493,0.5070075356852233,0.72924477,-2.563776803607471,0.9306898,-2.097836228079026,0.81087035,20.474215,20.987398,20.01346,0.973938,1.0130733,0.7807794140488051,window,2.3116721762544183,0.8399142660220418,0.3875321439540512,0.7503842570176045,True,,
4418919777284907392,229.06626384214152,-0.12814701409968343,0.58788145,0.4916425,-0.35941020894386916,0.6095891,-2.339886250747865,0.8836624,-2.4382169043059165,0.7352349,20.257753,20.276703,19.744328,0.53237534,0.88112366,0.870660735469915,window,2.8409519731515402,0.7990932978031764,0.7605853189104907,0.8824326238086345,True,,
4418919949083637376,229.03366744812632,-0.10460808990565293,0.5940401,0.5116313,0.7853765233321617,0.6564489,-2.826994086858425,0.8530453,-2.126171065538943,0.71312517,20.38014,20.534372,20.147383,0.3869896,1.0372802,0.759560852563289,window,0.821275118685066,0.9096720183343562,0.5022903656699128,0.7864790500019279,True,,
4418919949085305216,229.04027232413702,-0.10991429693867785,0.47317266,0.40628186,0.5725950215839162,0.5288103,-3.747754068683185,0.62361246,-3.1011551865282305,0.5433685,20.038187,20.330708,19.501541,0.8291664,1.130686,0.1967365726880466,window,1.1069676554871373,0.9015340982491443,0.8692521182422509,0.41077107774100313,True,,
4418919983443357568,229.00849835470078,-0.11702419070219075,0.36000347,0.32929617,-0.7783945029740827,0.41795412,-2.2052866152983297,0.4981895,-2.4136845539982956,0.4446443,19.815933,19.98103,19.369247,0.6117821,0.93140954,0.5105860721713097,window,0.8674623544438764,0.9085224426869418,0.6895242286076547,0.7015559167933838,True,,
4418919983443369856,229.0124088612014,-0.11012952816017567,0.28502792,0.26570895,0.061914667832102255,0.32551956,-2.782159276323181,0.37786287,-2.761947296621977,0.32599625,19.363115,19.76075,18.845192,0.91555786,0.9304449,0.9426952338364544,window,0.5762613824662938,0.9147073248167352,0.8026395972226429,0.9314773876651709,True,,
4418920120883980544,229.031556426721,-0.09105968566569322,0.69236964,0.6289457,-0.3180748185814039,0.79957867,-1.1855844732798715,0.99367315,-1.6476152852808517,0.846269,20.471266,20.700438,19.768534,0.93190384,0.98631084,0.15060450455183588,window,1.3618159384947737,0.8921927584033061,0.48379332787420176,0.2942498180823897,False,,
4418920258321583616,229.07685119791043,-0.0956061044982551,0.57180315,0.5394215,0.27964784578303126,0.61417794,-1.385454757743115,0.8475998,-0.36309186176350716,0.73433214,20.149736,20.866587,19.429605,1.4369812,1.0607759,0.0,window,3.4338809822760616,0.7443580129752029,0.0006535439143703117,0.0,False,,
4418920739357621120,228.99932064375446,-0.10443270735370258,0.3703499,0.33294606,0.5733451663675074,0.43616083,-4.78673405884073,0.5152843,-2.0945847582371786,0.44615772,19.818285,20.387396,19.276556,1.1108398,0.91805965,0.0,window,1.4213738850969673,0.8897246225434983,0.12513503477434018,0.0,False,,
4418920739357629056,229.0050010238152,-0.10095521254186098,0.4904908,0.4645946,0.3639979549115241,0.55935025,-2.6144250337254262,0.6852007,-1.7444651531452462,0.63750046,20.12214,20.726913,19.857105,0.8698082,0.98529696,0.3652210550432195,window,1.198327553581498,0.8984121885857723,0.71614787233841,0.5854615574941078,True,,
4418920739359200256,228.99689186167086,-0.09718072886242195,0.2937663,0.25953317,0.3779364065270875,0.33150578,-5.132661575638135,0.41154557,2.0772173063651276,0.3488293,19.462622,19.97055,18.708044,1.2625065,0.9464796,0.0,window,1.7320369408333505,0.8750912534555421,0.06406301105973229,0.0,False,,
4418920778013142144,229.0108173306455,-0.08941882676143668,0.10296086,0.09460043,0.08952433778787018,0.11829209,-2.7419990705057327,0.1392096,-2.7651102476430394,0.114634,17.687912,18.19729,17.049059,1.1482315,1.0624897,0.7639937003468027,window,1.4877453898409623,0.8868464417957298,0.6909366762620575,0.830395607101959,True,,
4418920842436871552,228.99249931690056,-0.08108852353024565,0.14713211,0.13169941,0.04304487272889167,0.16960582,-2.541735940179467,0.1870416,-2.523727506980044,0.16045007,18.361357,18.795078,17.771467,1.0236111,1.0211056,0.5318763920156848,window,2.5422921746242366,0.8231182624628968,0.7747578222649762,0.6939525687050755,True,,
4418921392192734592,229.04885748784235,-0.04540482314064972,0.24675621,0.22648938,-0.2679364522697082,0.26811168,-2.8626573016669408,0.3507405,-2.5477652684352066,0.29805827,19.092243,19.475895,18.565397,0.91049767,0.99822694,0.8840510819497843,window,4.288428313433386,0.6520877543172084,0.8614905628252228,0.9016581311605031,True,,
4418922457344649984,229.16689441860692,-0.022690239963668694,0.7453901,0.6004137,-0.4606495398899737,0.7630215,-10.258559945630466,1.1747096,3.084859686419436,0.85008496,20.467176,20.922926,19.751541,1.1713848,1.0939318,0.0,window,10.204983564355423,0.09575919052857046,0.09206410073314078,0.0,False,,
4418922526064146304,229.1935449055771,-0.0053005700911488126,0.34143758,0.282787,0.04702602988515537,0.36464962,-5.949095415704686,0.46307,-3.697309191327571,0.36220968,19.663721,20.193993,19.20378,0.9902134,1.0861952,0.0,window,12.113676167231171,0.03331537006170381,0.4857819075498749,0.0,False,,
4418924484569210112,228.96665469461337,-0.02615640743764244,0.36708283,0.2919545,-0.7246089032361323,0.38503066,-4.805171984087908,0.47102922,-6.6198883363107175,0.36857453,19.724232,20.157522,19.21179,0.9457321,0.9567205,0.0,window,6.104875339708784,0.43505167375278697,0.6017081120517846,0.0,False,,
4418925274843209472,228.9316811785735,-0.011405118625649645,0.3153385,0.27215445,0.3237457294119329,0.39783207,-6.525663653802473,0.43352175,-1.6602494504515861,0.32515875,19.395174,19.827503,18.851921,0.9755821,1.0649534,0.0,window,8.089642069191662,0.2318729181549009,0.6367759706942426,0.0,False,,
4418923694295669760,229.13647494228428,0.04071625432274231,0.0691499,0.0524017,0.24124522094281753,0.07341275,-5.010831922272384,0.08447479,-1.9444964963577414,0.06275359,16.654232,16.993801,16.131828,0.8619728,1.0802139,0.0,window,11.435881782174283,0.05036440616383629,0.9896720927556114,0.0,False,,
4418923694295670016,229.13767755877547,0.04242717264372193,0.32407606,0.22557512,0.3613939507015573,0.29311067,-4.306695306767516,0.42822364,1.2987317023648928,0.28295028,19.24675,19.518587,18.924173,0.59441376,1.0188024,0.0,window,11.561295075640675,0.046833286671988474,0.7587249132507623,0.0,False,,
4418925034325437824,229.00197895531426,0.020847753526520206,0.15077381,0.12796856,-0.0472497396209364,0.17095447,-0.9118547588217882,0.19306126,-11.627856378815641,0.1566173,18.423439,18.797157,18.018248,0.7789097,0.9753678,0.0,window,8.0362500053202,0.2364132631945894,0.99990950780543,0.0,False,,
4418925652800734464,228.91301301152134,0.02528716443740941,0.22608726,0.21475667,0.37199234930399333,0.27931672,-1.207934006488272,0.30339977,-0.9180839619546359,0.26503637,19.247316,19.657274,18.685122,0.9721527,0.93630254,0.0,window,10.49475761692271,0.08316130947822055,0.6917317493467017,0.0,False,,
4418926133837106304,228.96508934747266,0.0513682031723421,0.28298375,0.24815471,-0.12387859253811637,0.34951353,-0.0019597425389384832,0.3930138,-0.14816555117638652,0.3007699,19.193495,19.513134,18.798653,0.71448135,1.0879253,0.0,window,10.35518535172509,0.08906992462769657,0.9734514364968053,0.0,False,,
4418927095909809024,229.08428762083076,0.0760660911009365,0.29479066,0.24283223,0.3934103798145892,0.31913593,5.442280690862208,0.37097535,-6.81269301623874,0.29921967,19.325853,19.880732,18.638802,1.24193,1.0884404,0.0,window,11.865864653521045,0.03898574254206588,0.11358420468746373,0.0,False,,
4418927130269547136,229.06166316128127,0.07538611714339497,0.12129948,0.09678988,0.370057758846815,0.13449267,-5.333894870409743,0.13732515,-7.298706970339679,0.11256452,17.940931,18.459864,17.570597,0.88926697,1.0018426,0.0,window,11.470033984401107,0.04938487085078876,0.9676387105671226,0.0,False,,
4418937438191017600,228.87992717308867,0.04263680791438565,0.33789235,0.3220775,0.5540523697160374,0.39476708,0.828097269915183,0.4905634,-9.443938404949611,0.45096567,19.746914,20.251637,19.29936,0.95227623,0.9576018,0.0,window,12.577866277524153,0.024260611851650103,0.5698108135556627,0.0,False,,
4418939465415643264,228.9637006172122,0.09532742875568462,0.15301713,0.15335113,0.25112917325785006,0.18780385,3.4030069130856084,0.20376793,-9.83743958853532,0.18888237,18.464146,18.905636,17.742168,1.1634674,1.0386205,0.0,window,12.897364764951844,0.019100683395263156,0.49992731595343604,0.0,False,,
4418720834400164864,229.09150242329778,-0.2951326441019147,0.68163604,0.63155276,-1.4931675420533272,0.7738135,4.1791756505833515,0.98822844,-10.788024635383564,0.8582827,20.433056,20.901396,19.565357,1.3360386,0.9724514,0.0,window,11.777238956650276,0.04116619011950112,0.015376692858146168,0.0,False,,
4418721727753152896,228.9618300631781,-0.36653817255977716,0.16569991,0.15917446,0.18679845117556956,0.19444408,3.459776870177231,0.21889104,-4.305392716008657,0.20977022,18.70125,19.105371,18.120653,0.9847183,0.9869497,0.0,window,15.715173547027614,0.01,0.7860709267542133,0.0,False,,
4418723381316265216,228.96367596794744,-0.29084649603563667,0.22763796,0.21255448,0.15714605827603054,0.27361593,-3.1642273003132217,0.29623774,-3.254842832061406,0.2823564,19.16362,19.518415,18.741323,0.777092,0.9388626,0.05098791041457846,window,11.30794380059056,0.05415601284550403,0.9996990602874566,0.03415197617957542,False,,
4418724034151291776,229.03957492199135,-0.2731529955942376,0.0727976,0.06400725,-0.07058817149820794,0.08511269,-2.7485854688260565,0.090376996,-2.689366375966542,0.083552696,17.305,17.55978,16.913366,0.6464138,0.8891775,0.9547221025505422,window,9.75101940535255,0.11816929994192571,0.9402863331345898,0.9328750205341982,True,,
4418724132934870528,229.0520650192716,-0.2624575717491387,0.6511467,0.5368884,0.3608020469324308,0.73320144,-5.5702209592612455,0.8423918,-6.190400332228917,0.760288,20.365458,20.49862,19.787268,0.7113514,0.95688546,0.0,window,9.23063133281721,0.14820054741806457,0.975309462860185,0.0,False,,
4418724407812963328,229.04226713399748,-0.24299105024611234,0.43711612,0.40643466,0.8823805663343091,0.50766474,1.3842998607204378,0.5773629,-4.2734332683464,0.5664628,19.89535,20.903675,18.803038,2.1006374,1.1121202,0.0,window,7.977614679199985,0.24146417259960654,2.2367802259977024e-15,0.0,False,,
4418725060647811840,229.00303523017905,-0.24361735082598232,0.5338252,0.4363864,-0.8916722719018693,0.56749177,-0.0957996544552458,0.73647213,1.2027948492802645,0.6172046,20.068642,20.307722,19.432274,0.8754482,1.0726426,0.0,window,8.001503158385097,0.23939822863147883,0.7145361161829888,0.0,False,,
4418725713482851968,229.0752250487192,-0.19617656499227215,0.41444236,0.35539016,0.8351185251181437,0.47095573,-3.7154307929869317,0.5594277,-2.7716924741710067,0.47896805,19.775917,20.188564,19.25547,0.933094,1.0140204,0.21603210802862033,window,5.999023534151523,0.44748602023448414,0.6221513576456928,0.25802857057233103,False,,
4418726469397760256,229.195069620468,-0.25989396286545347,0.22278577,0.18498766,0.4380293189901208,0.2441168,-7.598925287727161,0.28428474,-3.348406810389677,0.22609885,18.996935,19.573296,18.296082,1.277214,0.9574922,0.0,window,13.679303022486645,0.01,0.16197082433914595,0.0,False,,
4418726538117237504,229.22080768063202,-0.2590805731643191,0.6192705,0.4458281,0.6816559562860894,0.6768842,-2.7786283542402694,0.7003268,-1.5881427639753654,0.553638,20.08668,20.003061,19.632854,0.37020683,0.9715601,0.1657975663020131,window,14.857075256753554,0.01,0.13282774969213484,0.05428359232278218,False,,
4418730626925612544,229.12933801111166,-0.19264269992666158,0.44713256,0.40603754,0.8193750238021139,0.51695174,-8.456937909150383,0.54991156,-21.501307720361616,0.48916557,19.987844,20.802706,19.030466,1.7722397,1.0099941,0.0,window,8.074582710107885,0.2331478419242506,1.6300019911132217e-09,0.0,False,,
4418731902530625664,229.06300293206615,-0.1627361116924861,0.7158851,0.53432643,1.5210085856249713,0.6746575,-6.140624546506322,0.9574189,-3.5570843859062133,0.70129126,20.274612,20.507603,20.077421,0.4301815,0.94591564,0.0,window,3.9364511329432674,0.6916703849778076,0.49044202887141164,0.0,False,,
4418731902531386112,229.06181724420918,-0.16190831399375816,0.17227533,0.14809792,0.174738554156263,0.19301492,-2.805230104141512,0.23281524,-2.501650394965279,0.19067326,18.55829,18.993208,17.993826,0.999382,1.0361086,0.7449608903739975,window,3.8532459653354234,0.7007338581994436,0.7839667767938439,0.8066317473009325,True,,
4418732138753953536,229.092069875725,-0.11961033371264684,0.15352212,0.14705503,0.09986310096450143,0.17145249,-4.598744139160591,0.20815633,1.96867421408298,0.1788109,18.166603,18.59127,17.614433,0.97683716,1.073063,0.0,window,4.237528715008862,0.6579239723377084,0.8686754855176744,0.0,False,,
4418732138753953920,229.0869489424627,-0.11558539469524069,0.4701516,0.39143345,-0.060218737824320925,0.50700575,-2.757392665837081,0.6659919,-2.3597925696239184,0.5267089,20.031517,20.35578,19.52805,0.8277302,0.94041026,0.859500743528825,window,3.9102475675212673,0.6945379658604504,0.8758083526356792,0.8948101213754882,True,,
4418734818814206848,229.2293871684866,-0.015609716255018691,0.42929646,0.3986118,-0.22657614871724593,0.47206965,2.0985595056997424,0.5729742,-3.12056980339763,0.5086615,20.005949,20.655514,19.222582,1.4329319,1.0053635,0.0,window,13.716910249372221,0.01,0.00015415046864998992,0.0,False,,
4418910981191753600,228.88518297550993,-0.2657527924780197,0.15393883,0.13530743,0.3660767146202702,0.17086367,0.9550604760028685,0.20711885,-24.87273466991025,0.17057544,18.319176,18.986616,17.521488,1.465128,1.0018239,0.0,window,12.362702224155653,0.028215855852748734,0.1346614097162758,0.0,False,,
4418911702746286720,228.902220491565,-0.2288098398877445,0.1310722,0.12334874,0.2667193430882413,0.16676886,-20.604843883263165,0.17772205,-19.294302449408235,0.15164855,18.095688,18.518892,17.577194,0.9416981,1.0085568,0.0,window,10.050900311691441,0.10298873653416957,0.9157703190376282,0.0,False,,
4418912733538829440,228.88792774547886,-0.17103391261319667,0.5506576,0.5067799,1.0959693314845809,0.5949855,-10.352025206589115,0.86441493,-0.12317899986352392,0.8399409,20.242252,21.210333,19.044449,2.165884,1.0189339,0.0,window,8.793815592767334,0.17725159293648962,6.4753962857628936e-12,0.0,False,,
4418912767898204032,228.8433509316894,-0.19349154283105863,0.27316627,0.2549297,-0.8808531710905271,0.31545225,0.20809295119272453,0.3520153,-0.08742883689523241,0.3188705,19.376387,19.557846,18.89782,0.66002655,0.98976797,0.0,window,11.785972385965017,0.04094764224207073,0.8887283587668213,0.0,False,,
4418913764330662144,229.03649374368936,-0.14974543328995873,0.42145398,0.3536813,0.5317297144246136,0.4649057,-2.9778839999112927,0.589086,-3.1475242468875315,0.4617972,19.84623,20.108671,19.626583,0.4820881,1.0258436,0.5317728853685653,window,2.4505065312845775,0.8299898030008734,0.2585569095762843,0.5865236781454869,True,,
4418913833050162176,229.01977056503094,-0.1334802998445402,0.4914122,0.4211684,0.7056096940013624,0.53663856,-2.978353105534798,0.67898464,-3.329338150121389,0.56344676,20.071115,20.302366,19.488842,0.81352425,0.90793294,0.4668062735975025,window,1.3190205421205563,0.8938994127918335,0.8963458112497513,0.7014309652517083,True,,
4418914421461001344,228.8915372198197,-0.1565959035631218,0.59386855,0.58246523,0.4795363106873004,0.7056578,-3.7397001660721374,0.83907676,4.995912216879975,0.7854156,20.305956,21.039024,19.155556,1.8834686,1.0561558,0.0,window,8.274568070207405,0.21658235655977012,1.8045842119132527e-07,0.0,False,,
4418914932561849728,228.97800014405522,-0.09617556505302062,0.45573536,0.40859616,-0.6652689787467121,0.5270475,-1.7944809950743434,0.6385679,-2.4000151440545934,0.56496876,20.057003,20.3233,19.40858,0.9147186,0.94482726,0.31808255777377786,window,2.7918401891800886,0.8032155915561009,0.581780647034268,0.466684750505266,True,,
4418915207439762304,228.955657087014,-0.0921697707343096,0.65215915,0.5436569,0.3033657804741565,0.70460296,-2.107558828561796,0.9116628,-3.5365932157454445,0.7907495,20.424614,20.624521,19.966993,0.6575279,1.0549986,0.4302480976948881,window,4.1420171964827786,0.6687791327418696,0.99886970553524,0.5912311812749237,True,,
4418915860274673920,228.8108684799751,-0.1741452468734449,0.19448197,0.17076877,-0.03141002385632438,0.21330303,-11.718290174208322,0.2598697,-7.1014035610226856,0.23052719,18.788412,19.157316,18.122679,1.0346375,1.0322341,0.0,window,13.206276879387065,0.014855617002899118,0.6692156559618538,0.0,False,,
4418917926154868608,228.85672311923096,-0.08641646716450473,0.38402617,0.39199904,0.9230699996436941,0.5006378,-10.796380012211124,0.488527,-0.26392569736906263,0.43537903,19.629803,20.033314,19.013226,1.0200882,1.0976708,0.0,window,10.025120025467023,0.10423549412043678,0.4129954077825651,0.0,False,,
4418919571126632320,228.85033584089445,-0.01849281365021081,0.47154343,0.40163288,-0.06065022110726002,0.58063656,-3.0793277615329924,0.62807834,-2.7288107618574013,0.5166898,20.032034,20.31677,19.529737,0.7870331,1.024262,0.851334315279026,window,11.712008786334993,0.04282434398740181,0.9632642194573127,0.7706127763913178,True,,
4418919644141764992,229.04630086221187,-0.14319245353060234,0.09580328,0.08003835,-0.04966803233815122,0.11030543,-2.6945788195777265,0.12284284,-2.6986201228438516,0.10140254,17.40972,17.50502,17.28522,0.21980095,1.0375572,0.9285941423136004,window,2.395107216054237,0.8340181497733938,0.41261736567361545,0.8155321661528901,True,,
4418919846004709632,229.05229078685304,-0.11499176509990318,0.6537163,0.5350216,1.607930099211332,0.6746113,-29.8678922224651,1.0009636,-3.510981339444951,0.76518726,20.43082,21.003925,19.370739,1.6331863,0.87287647,0.0,window,1.8347647727368863,0.8696021660989145,0.00019351672325536504,0.0,False,,
4418919914723871488,229.0250161387012,-0.1222478177121489,0.617644,0.5795283,-0.7163851585561267,0.73357695,-3.7051588283283605,0.9437599,-3.4642625685955033,0.77003205,20.236279,20.311565,19.499846,0.8117199,1.0143883,0.34221197772696016,window,0.6656656068537666,0.9130766491348512,0.8417703202276142,0.5954945800070175,True,,
4418919953379415808,229.0271707588764,-0.11695967920870741,0.04393423,0.040243335,-0.0076077842122849555,0.051926017,-2.7988959398673154,0.05394158,-2.686195307471486,0.04750785,16.13114,16.67577,15.417042,1.258728,1.0611136,0.7976191278683653,window,0.45102664870575104,0.9165941076172296,0.5730814691940848,0.8214577578221021,True,,
4418920022098343808,229.02078776887095,-0.10601766290329828,0.67642385,0.69340557,-0.9549191451348649,0.79286486,-0.7951602576787937,0.9833617,-4.0581394433504325,1.007168,20.462559,20.99584,20.190937,0.80490303,0.992921,0.056235796657956014,window,0.3415235673691948,0.9178652427440992,0.7904195606497042,0.1516138062506933,False,,
4418920086522618624,229.0557949621395,-0.0866540389474964,0.080142826,0.080753826,-0.11748414157909474,0.09484859,-3.0304665340608636,0.10359626,-4.461489601842684,0.098685324,17.356869,17.7063,16.854353,0.8519478,0.91853464,0.0,window,2.5251127225143706,0.8244230204722244,0.9926974577856482,0.0,False,,
4418920159537849856,229.03544363093513,-0.08614994100993525,0.0869928,0.080754176,0.11233602333081721,0.1030653,-2.759003605770313,0.11201717,-2.5835653589596785,0.10004913,17.5666,18.004732,16.94331,1.0614223,1.0365136,0.8670844325792603,window,1.729764459151716,0.8752090273151454,0.8237155847471053,0.9050894254368032,True,,
4418921151674532608,228.99419981984144,-0.07028643237426378,0.44768205,0.3753263,0.3042548639865115,0.52083814,-3.1535774304685935,0.55360687,-2.567409066699579,0.48255134,19.859947,20.206127,19.39079,0.8153362,1.0345703,0.7416372432750065,window,2.984424330265718,0.7866754866883912,0.9459361134399226,0.8564580441136244,True,,
4418921735790148864,229.0590084354566,-0.018755187992610105,0.35290566,0.2952594,-0.040091302502770466,0.3888845,-2.4297936477545994,0.47238153,-2.677242680035132,0.3866543,19.67069,19.975279,19.148619,0.82666016,1.0108937,0.8228572123227209,window,5.999156903094147,0.44747028944326533,0.9440197993435444,0.8590021730069656,True,,
4418922491706055808,229.18114989702852,-0.009373265822198145,0.3465619,0.29625922,0.006637355084823652,0.37116775,-17.81685401482975,0.4627995,-4.4346281027103265,0.3818279,19.543232,19.74603,18.99212,0.75391006,1.035316,0.0,window,11.35423529837346,0.05276161252664899,0.9985591429467859,0.0,False,,
4418923041461820928,229.08272412171925,-0.011624490426145584,0.29756412,0.24572206,0.589515548564533,0.31739047,-7.741691829642409,0.3963668,-15.294548515946968,0.3171754,19.47354,19.963623,18.981989,0.98163414,0.9370306,0.0,window,7.02145171188665,0.33308168530009125,0.5916414770990512,0.0,False,,
4418924484569226880,228.9672597941347,-0.011588743836881705,0.16145132,0.13843463,0.2475951468515587,0.18468991,-9.499638316634577,0.20760615,-8.263374371793617,0.17127647,18.53006,18.825459,17.937235,0.88822365,0.97566444,0.0,window,6.83783969293645,0.3525397175717737,0.9446334762012282,0.0,False,,
4418925412282158720,228.8918856902209,-0.015254321337886869,0.2659834,0.23940654,0.3959626194767545,0.3066389,-6.58611510512006,0.35347223,-0.47322762156611975,0.31624416,19.462782,19.867277,18.940777,0.9265003,1.0083566,0.0,window,9.709280461968577,0.12040212200982534,0.7505957220786762,0.0,False,,
4418926138132347008,228.97016895790796,0.056068951471495196,0.036110096,0.036621522,-0.044839539151240074,0.047464307,-2.660977906621792,0.04542975,-2.7445013558549363,0.041925497,15.798896,16.386812,15.07112,1.315692,1.0329844,0.5794051432454084,window,10.528071250827859,0.08179376222141639,0.49494105351983253,0.43977108143002,True,,
4418927954903284352,229.03243247321274,0.09036081176694173,0.15670723,0.13842103,-0.006249687714787351,0.20060767,-0.9057172914773284,0.19582906,-0.5185118093082237,0.16006835,18.426083,18.948294,17.765862,1.1824322,1.1321954,0.0,window,12.134115848236572,0.032874786513386066,0.47616216006258644,0.0,False,,
4418928165356912000,229.02191529267472,0.0948903278006407,0.031826794,0.02977701,-0.0258249599571262,0.039148897,-2.7210183918775828,0.04049479,-2.663797287449492,0.03426433,15.746001,16.274618,15.052863,1.221755,0.9874251,0.9922697258841444,window,12.38941970201558,0.027702611915282484,0.6245399960455856,0.888297103976199,True,,
4418938091026426752,228.90584943132248,0.07622616733231494,0.27734333,0.26216102,0.6686099579762314,0.33720735,-1.1429420260454815,0.374449,-3.330568255149707,0.34516913,19.482588,20.196869,18.616268,1.5806007,0.99686885,0.0,window,13.247145696676492,0.014345082192853416,0.000519365433706884,0.0,False,,
4418939980811748096,228.99906592364823,0.12207971109237331,0.36036074,0.34207278,-0.46014522076676784,0.4544613,-6.994262869147195,0.48386306,-2.2537669187508484,0.41966814,19.885834,20.444805,19.491692,0.95311356,1.0047302,0.0,window,14.087560526486135,0.01,0.4985262681992928,0.0,False,,
4418699600081657472,228.87218777889652,-0.3249222152521406,0.40046144,0.34996417,0.15756073692822548,0.44865713,-0.7693023221189381,0.52486414,-5.2069848720605565,0.49392617,19.885347,20.150402,19.442595,0.70780754,1.0354799,0.0,window,15.636883125437151,0.01,0.9524620180868985,0.0,False,,
4418718223059837824,229.05521037621034,-0.37242384157092245,0.3494157,0.26439023,0.23710378066707144,0.3774637,-1.8855112991995462,0.43347034,1.149990609853001,0.35495594,19.447447,19.782888,18.743454,1.0394344,1.0010586,0.0,window,15.776538017820359,0.01,0.4411601951297643,0.0,False,,
4418720220220320896,229.19428513670132,-0.30134252539776923,0.068751134,0.05939617,0.20548884195841985,0.08211889,-2.0995617725793005,0.08005449,-5.979519601848198,0.06873638,16.989265,17.32705,16.47745,0.84959984,0.930857,0.0,window,15.381400937872845,0.01,0.9933312677973867,0.0,False,,
4418721212357103616,229.14708670826064,-0.28097505073593765,0.15561849,0.13791944,-0.0482009074100291,0.17841464,-3.536996816960856,0.19622262,-0.8478366122411606,0.16825253,18.5221,18.7729,18.127865,0.6450348,0.9595068,0.0,window,12.637025639356159,0.023242652501987943,0.9112265308849371,0.0,False,,
4418721212358907008,229.1375642964792,-0.2787679079005379,0.57770693,0.4515867,0.03091739558522965,0.6458654,9.394303200747258,0.7594525,-8.902103121005846,0.5893522,20.206877,20.795437,19.47789,1.3175468,0.9995103,0.0,window,12.196878181065534,0.03154693653720773,0.008068975234702812,0.0,False,,
4418722758545515520,228.98134590361082,-0.27877846826678526,0.5178145,0.4517226,1.4624235013364166,0.60514784,-19.34560804127215,0.69185925,8.37566229303989,0.65355057,20.258999,21.229836,19.187017,2.042818,1.0204941,0.0,window,10.32161651521596,0.09053480697819119,6.471251071194652e-10,0.0,False,,
4418722792905070464,228.99797933954338,-0.27306104808816306,0.6697655,0.5713287,1.3142788339294178,0.7253722,-10.733944758019144,0.9454055,-7.8208268855147525,0.8982218,20.419231,20.980204,19.804188,1.1760159,0.9688526,0.0,window,9.793401715033811,0.11593250520145479,0.0831731202601753,0.0,False,,
4418725541684158720,229.00397843673835,-0.20013279086813426,0.11025014,0.08605342,-0.01314060138676014,0.10452005,-2.5005384848132692,0.1552606,-2.452847570048656,0.11880489,17.563526,17.630177,17.483324,0.1468525,0.9326081,0.1997161815993525,window,5.419709454612944,0.5169224959286662,0.3082378251408614,0.22915650063368567,False,,
4418726435038022144,229.20046446392624,-0.25926110826973026,0.6156516,0.46764937,0.002234782457081929,0.68682486,1.2996644618669264,0.7282008,-7.331232519983213,0.59090513,20.278646,21.371725,19.547426,1.8242989,1.0025499,0.0,window,13.902525631511034,0.01,4.914837820254876e-07,0.0,False,,
4418730764364400512,229.1516047377434,-0.17658284328890528,0.70414966,0.57460964,-0.08411290243569164,0.80726653,-2.6500326510805676,0.92203295,-1.5720196758846423,0.77084893,20.463434,20.456093,20.02099,0.43510246,1.0131974,0.37814004467078666,window,8.704348931550676,0.1836520031234004,0.7109396695082862,0.3480634119513042,True,,
4418730798724132480,229.11234236845536,-0.18961766379374334,0.3296725,0.26874095,0.9559736273527736,0.35882,-14.194679995671372,0.42437083,-2.682523969228159,0.34298265,19.461565,20.548372,18.337862,2.2105103,0.93407494,0.0,window,7.16655905109669,0.3181024227172396,8.06863144828759e-11,0.0,False,,
4418730867443800192,229.0957297142397,-0.1873831342158278,0.5607579,0.51832175,-0.4962065484001864,0.6102344,-5.911246455096402,0.8025394,-5.83546850634278,0.7044126,20.174599,20.795534,19.259789,1.5357456,0.9735046,0.0,window,6.348070733979333,0.406917851006653,0.00010363665626666958,0.0,False,,
4418730936163088512,229.13298226388827,-0.18431576294269406,0.32470152,0.3131831,0.6162172308624267,0.37323725,-2.4815232569219448,0.41614002,-3.6867629307269936,0.395838,19.521704,20.24742,18.634586,1.612833,1.0002908,0.034461068355996105,window,7.96595863548306,0.24247629173800309,0.00019579513339382552,0.026785298331841574,False,,
4418730936163091840,229.12631232982287,-0.17773028847302547,0.4568944,0.42033723,-0.23499913072846018,0.49392134,-6.589945095116821,0.62182146,-18.681759961928893,0.5250023,19.904278,20.282143,19.447346,0.8347969,1.030371,0.0,window,7.415550547553115,0.29326425034923786,0.8962795804097918,0.0,False,,
4418731829516299776,229.09914119042017,-0.1498058250789444,0.19696413,0.16542836,-0.11088062840582036,0.21657036,3.8994658221470533,0.26161662,-7.025046005971524,0.2126256,18.749983,19.114103,18.353727,0.760376,0.99526393,0.0,window,5.170407155820914,0.5471487381679765,0.9981898005657269,0.0,False,,
4418732417926696448,229.15552375092864,-0.10666553642072696,0.56992435,0.436004,-1.1582436436713621,0.5799876,-7.591308925070905,0.77299666,-3.5775694464960703,0.5652543,20.20274,20.476112,19.43815,1.037962,0.9388683,0.0,window,8.022874597571956,0.23755947843310019,0.23448570490825144,0.0,False,,
4418733689238029184,229.26914112740965,-0.06321743318838742,0.2654739,0.20972715,-0.4255447059888502,0.27596036,-1.0688982229128905,0.35872018,-0.42748939021793014,0.26464316,19.14072,19.405079,18.55304,0.85203934,1.0696294,0.0,window,15.115810841300897,0.01,0.9484716774374384,0.0,False,,
4418733994179829376,229.20095456254725,-0.0778483067641308,0.20073904,0.15731472,-0.06754846584687851,0.2038462,-5.591902709817273,0.27401915,-11.184040634709186,0.20067605,18.79869,19.154009,18.243355,0.91065407,0.972013,0.0,window,10.932453041941379,0.0664512934866228,0.8967150141960634,0.0,False,,
4418911496587854080,228.900325248692,-0.23309552044619344,0.27531245,0.23941876,0.8411625697249863,0.3019859,-5.677115592213732,0.38649055,-21.424197063300355,0.3139175,19.236687,20.232706,18.32309,1.9096165,0.99548566,0.0,window,10.31258900803676,0.09093168594895812,9.510872698795711e-06,0.0,False,,
4418912493020283776,228.86093154517079,-0.21086555240278473,0.088396035,0.08022303,0.32789822642014893,0.10034323,-3.4288678040076648,0.124891795,-5.249248180253234,0.10215101,17.47468,17.890226,16.880543,1.0096836,0.99014944,0.0,window,11.346886011126916,0.05298127249135634,0.888896198021646,0.0,False,,
4418912596099510784,228.86769880568852,-0.1949425377259767,0.2987903,0.2690534,0.6479277775193879,0.33223435,-9.708639958200443,0.37297112,-7.554791772221413,0.33871356,19.242395,19.91688,18.41376,1.5031204,1.0617514,0.0,window,10.516940056858894,0.08224889461874006,0.008123327808225837,0.0,False,,
4418912596099516032,228.86718380280544,-0.18911694107175991,0.16591555,0.15363596,0.16944496872065645,0.18863209,-2.1525974350832513,0.22535215,-7.714862395945909,0.199013,18.579996,19.303152,17.7913,1.5118523,0.9086602,0.0,window,10.382927970831089,0.0878722058929277,0.06246573409659711,0.0,False,,
4418913283294292608,228.98006467688373,-0.17858706891267612,0.20262128,0.16736677,-0.33021885061973627,0.2185532,-2.4928108980488446,0.28751642,-2.77874197363966,0.23064259,18.927351,19.434517,18.351955,1.0825615,0.9358662,0.6526784794679759,window,4.738653614506044,0.5992027455063763,0.5266433292718024,0.6700860034903257,True,,
4418913695611166592,228.9990230135408,-0.16574339935188684,0.52726763,0.4606786,-0.6441799963006152,0.57327014,-0.970164743142864,0.80311066,-2.8426804359933784,0.6807159,20.23636,20.471989,19.719223,0.75276566,0.93839514,0.0905558931982663,window,3.5266845595011027,0.7350222822739048,0.9563557822904789,0.17159932567541453,False,,
4418913798692072960,229.00740984954663,-0.15097324796520178,0.6700976,0.5670361,-1.2322114648646547,0.7291758,-2.013007936620175,1.0621529,-3.4606368908597087,0.8559501,20.36312,20.712198,20.00816,0.7040386,1.0795238,0.5148377287179569,window,2.5172959198479807,0.8250138677195452,0.9822387891310002,0.7207727379665428,True,,
4418914004848839168,229.0022420296268,-0.1432588859741151,0.6120604,0.5614579,-0.12486382915607905,0.6802908,-2.5415942454435836,0.90371674,-2.2192064163721006,0.833654,20.34545,20.636705,19.946285,0.69042015,0.92002606,0.8559463115407062,window,2.2359315327659712,0.8450874633476243,0.9937378200414317,0.9373479027189733,True,,
4418914039208605184,229.00974024595413,-0.12589929687206228,0.6638119,0.57035714,-0.1753713267347185,0.7183663,-4.15938298322179,0.9473551,-2.191260622516772,0.81861603,20.422163,20.55933,19.821198,0.7381325,0.9048799,0.27716739406640584,window,1.1262256499966963,0.9008970513763698,0.9287305547834946,0.5261559846463516,True,,
4418914249662309120,228.91076685299015,-0.16315261360535369,0.5175362,0.45464757,1.0027914446889314,0.57154524,-0.3586402355692293,0.7700473,-1.2799663696833947,0.6989252,20.24158,20.937351,19.27981,1.6575413,0.9286716,0.0,window,7.3504778972859075,0.2996473402300974,1.5427069179389837e-05,0.0,False,,
4418914279727059072,228.93654107384486,-0.16341990392595718,0.36651176,0.3338777,-0.05885379236658107,0.4044038,0.727291804260637,0.4986349,-15.515853917338461,0.46455115,19.750402,20.292496,19.04805,1.2444458,0.99515676,0.0,window,5.991420187934113,0.4483830862845346,0.026802377844318284,0.0,False,,
4418914382805971456,228.93412275066788,-0.1375771652964479,0.07794987,0.06730393,0.282327496185585,0.08761266,-6.270332379188051,0.10059058,-9.230947576427123,0.08577155,17.382687,17.737314,16.874287,0.8630276,1.0334901,0.0,window,5.492418937904457,0.5081218981674087,0.9893238355287323,0.0,False,,
4418914829482593792,228.98626324240573,-0.12160289921688908,0.3240737,0.3001478,0.11119477084070117,0.38777813,-2.332438638930264,0.4460403,-3.1538535336370406,0.39564204,19.62698,19.983603,19.028488,0.95511436,1.0157018,0.32355924698371824,window,2.220836328770382,0.8460979953814928,0.6117130250981089,0.4966075999604905,True,,
4418915001281292672,228.9424064417636,-0.11768388893599362,0.3941646,0.3237936,0.3631206196300235,0.4085685,-2.661073299853735,0.5943554,-2.881457483616959,0.48354623,19.655449,20.10429,19.01305,1.0912399,1.0582478,0.8934748340604992,window,4.783552645557057,0.593831338954259,0.2253464448546378,0.7325333736998908,True,,
4418917475182435840,228.88531206815478,-0.12971564746901992,0.083395235,0.07273634,0.0984764603958598,0.09437063,-8.700606115621412,0.10557076,0.9515729602900799,0.08858276,17.47889,17.835817,16.972778,0.863039,1.046578,0.0,window,8.267026581925235,0.21719270057785456,0.9891349872533842,0.0,False,,
4418917475182443776,228.87611003268088,-0.12421652991066585,0.5315154,0.5267597,-0.34692858626481354,0.6396167,-5.8420226043881325,0.7608881,-14.307313792515874,0.7126167,20.162449,20.807026,19.462471,1.3445549,0.9175684,0.0,window,8.78007509858989,0.17822449899773823,0.0040724275942261535,0.0,False,,
4418917578261662592,228.89458674822356,-0.12260873366155332,0.25530168,0.20403063,0.49368389320205586,0.27506945,1.5850743260862328,0.3066517,-7.485966044682326,0.2596563,19.089525,19.686367,18.49081,1.1955566,0.99182856,0.0,window,7.667285131263293,0.2693151494849391,0.24801698547476375,0.0,False,,
4418917818779862912,228.85374419647817,-0.10238225152849405,0.61502737,0.573475,-0.38181719312942186,0.67005885,-7.563406927325393,0.8848605,-4.963565075716925,0.8048423,20.29165,20.858084,19.59441,1.2636738,1.0847564,0.0,window,10.104476331057924,0.10043204431634126,0.024013226779768186,0.0,False,,
4418918128017538688,228.92449262115207,-0.08262250437929769,0.56921524,0.47233534,0.8617585871890191,0.60094404,-1.794561094682197,0.8262722,-2.9781646113689058,0.73063457,20.359798,20.658972,19.775389,0.88358307,0.9122717,0.48277218802788013,window,6.097563788440179,0.4359071654762355,0.6191465166621992,0.5154343160949869,True,,
4418918334175980160,228.87415813865297,-0.0741593461896064,0.42312318,0.36414373,-0.12139106522000981,0.4615274,-1.4789114185149388,0.567701,-0.7715188242711459,0.49093333,19.923462,20.16002,19.485584,0.67443657,0.97121125,0.0,window,9.144712047219254,0.15363055615055307,0.871360079220638,0.0,False,,
4418919124449987840,228.87390659039966,-0.05551588050968266,0.20572734,0.17377086,0.41922918088943534,0.22660778,-5.399289444315036,0.2739657,-9.26021420606862,0.22049601,18.917088,19.69887,18.134502,1.5643673,1.0158452,0.0,window,9.495821225260073,0.13229410911797299,0.015201887212702716,0.0,False,,
4418919846004412032,229.05459397510526,-0.11142388010096393,0.44139135,0.3907867,0.07278621929816392,0.5264151,-1.8908302956743743,0.63274896,-2.3541131090626126,0.5413107,19.951193,20.108183,19.283548,0.82463455,1.0121641,0.3655306592694165,window,1.9616632473842297,0.8623762055933967,0.9140868322154567,0.5947945779116807,True,,
4418919880364163328,229.07378556952125,-0.10258286041388694,0.86836547,0.70962375,0.5010240472470637,0.77737975,-4.364664529868295,1.2920362,-2.3146698406920323,0.9788362,20.443583,20.5589,19.944107,0.6147938,0.9130155,0.42526241441710133,window,3.1597910219509235,0.770760884111361,0.9938336563040042,0.622053559929454,True,,
4418920086522618752,229.05577814501004,-0.08850614947070645,0.47998652,0.46537864,0.11455298677641056,0.5433526,-2.5841347982123803,0.6755413,-4.431201394397657,0.6543944,20.132975,20.599487,19.620617,0.9788704,0.91226476,0.026610926385543427,window,2.460036795278352,0.829287739436403,0.370834679185568,0.05284855392859498,False,,
4418920120882335872,229.03112177093152,-0.10090905431145263,0.54237324,0.48928878,0.022164287150980747,0.6227653,-1.9103388681141031,0.7597148,-2.6128092895691863,0.6852633,20.3233,20.560364,19.812166,0.74819756,0.9865086,0.563337690877327,window,0.8471206539209645,0.9090365995400205,0.9397773387342895,0.7876727714478476,True,,
4418920361400550912,229.11562131418532,-0.06923361490078485,0.73058116,0.5867934,-1.6914163645835467,0.7265673,-2.685056619332879,0.9558925,-2.847184888585586,0.74864715,20.4991,20.644306,19.941479,0.70282745,1.0604781,0.9667615346610856,window,6.171128193563716,0.427324062691994,0.9645900708159624,0.967708073680211,True,,
4418920739357623296,228.99307277920215,-0.10319621950807287,0.18385658,0.16573523,-0.30327688936507563,0.21579358,-2.3149935157961226,0.24419759,-2.7360950686759566,0.20917456,18.784798,19.26156,18.190277,1.0712833,1.0272104,0.27269541764730165,window,1.8016282962582046,0.8714080428485009,0.5930401311075096,0.45356588216272464,True,,
4418920842438420352,228.99930930099106,-0.08584339352401871,0.53931457,0.4788196,-1.261253041232662,0.61521876,-3.278272639460948,0.7410828,-3.6587515016915124,0.67811155,20.294035,20.667904,19.881775,0.786129,1.0187213,0.2610306183885166,window,2.055593802711887,0.8567115520681126,0.8804163404568642,0.4692257547649536,True,,
4418921289115105792,229.04208393840045,-0.06995997932698557,0.41378784,0.38489127,-0.20948030951901248,0.5065529,-2.0407948508965528,0.5764145,-2.626380179364268,0.53370804,19.964598,20.058847,19.60894,0.4499073,0.9975081,0.49896028252277896,window,2.7764387483762034,0.8044946396544548,0.14463529610362466,0.5315771888709334,True,,
4418921495271963136,229.055962424738,-0.033549440828368256,0.13631102,0.11787922,-0.13835136556502386,0.1536079,-2.818672462021107,0.17199154,-2.743437847679456,0.14826031,18.228243,18.67257,17.606478,1.0660915,0.9952467,0.7990070849403396,window,5.109567789072734,0.5545216810758504,0.72662878447354,0.8067321327970619,True,,
4418922148106989440,229.1246344000147,-0.035161379340614446,0.38691965,0.33120787,0.7324123930169841,0.4339127,-5.755831379837664,0.5211268,-7.716921290133323,0.42171794,19.787815,20.250994,19.07143,1.1795635,1.0725408,0.0,window,7.683088355483718,0.2678517907436097,0.05774386094714285,0.0,False,,
4418922186761666432,229.09835340393784,-0.040134896140782,0.55102575,0.48065078,1.2479126367241022,0.59956837,-21.604724501429672,0.740995,-4.1107399498995685,0.6070439,20.350744,21.099531,19.100819,1.9987125,0.9707358,0.0,window,6.279211950837222,0.4148169608470908,2.22563921052534e-08,0.0,False,,
4418922526064145920,229.1897837955732,-0.00620733915749723,0.13754211,0.11552986,0.42503626426020213,0.14953542,-11.28259610889539,0.1796995,-1.7699206085715875,0.14536984,18.396608,18.71405,17.981787,0.73226357,0.9899732,0.0,window,11.893397724931186,0.03832505091822961,0.9879648993425111,0.0,False,,
4418931047279235712,228.7864478513226,-0.029141952056842835,0.11705084,0.11347063,0.13392919764630787,0.14421402,-0.929110720315431,0.157542,-0.451966032901113,0.14410214,18.196396,18.774736,17.517628,1.2571087,0.9639983,0.0,window,14.968386726359405,0.01,0.4128210429824569,0.0,False,,
4418922629143729664,229.19871050138823,0.004288974788059415,0.38414615,0.307141,-0.45678928026392746,0.3968475,-0.6811632143172934,0.52048004,-9.812913509631779,0.3897057,19.848562,20.189945,19.43336,0.7565861,1.0158298,0.0,window,12.684302164059492,0.0224500341363678,0.9998244216243157,0.0,False,,
4418925721520200960,228.9638231692716,0.018225017341916765,0.7121344,0.5716681,-0.6529837863939152,0.72478396,-3.9605251123467906,0.9982189,-1.525561103250587,0.80290914,20.40986,20.963167,20.099499,0.86366844,0.8715357,0.17821002785363502,window,8.533392417785523,0.1963160004765429,0.6615901788998473,0.16470886239579516,False,,
4418925858959180544,228.99807596672085,0.0374358557704093,0.3134963,0.29364005,0.6757087497032997,0.35863388,-24.66057668570016,0.40207335,-43.727649841792065,0.36374786,19.31414,20.209736,18.527802,1.6819344,1.069677,0.0,window,9.055681496652817,0.15940261393121952,0.00033559800856293844,0.0,False,,
4418926305636880000,229.02728042828448,0.021046095200464236,0.37413618,0.3053105,1.1213636857186051,0.40839136,-1.5724001607839235,0.48255482,-2.2605396873801884,0.3902616,19.761013,20.86398,18.59579,2.2681885,0.9644822,0.039328971643834226,window,7.965310269804632,0.24253266905985243,3.1560809646613094e-16,0.030553371447847248,False,,
4418927645665956992,228.98128570904052,0.07096848137730577,0.27972984,0.29074785,0.05390282115571,0.32959116,-11.009855049615055,0.37437364,-7.6335079945855995,0.3537914,19.424122,19.986038,18.924904,1.0611343,1.031432,0.0,window,11.221887236652936,0.056817282387225984,0.39524024006816416,0.0,False,,
4418937541270583424,228.85167318153847,0.03590676653408968,0.5434356,0.5080099,0.37248319044969685,0.62415147,-2.897383432342026,0.80305225,-1.260487154564904,0.7392739,20.221731,20.878204,19.47029,1.4079151,1.1148927,0.17100990012802136,window,13.514699458752585,0.011279100994140754,0.0019720635768130986,0.054656340265910534,False,,
4418719837967551616,229.11859066719188,-0.3407766371390546,0.16189365,0.14131114,0.31839574962723727,0.18579836,0.14186758047609685,0.19365492,-5.21495040835197,0.16996437,18.484934,19.16804,17.702103,1.4659367,1.0167251,0.0,window,14.92432679846427,0.01,0.10365534673307315,0.0,False,,
4418721177997362304,229.13676997725827,-0.29200279160915954,0.14239982,0.12657979,0.42033212604303083,0.163113,-3.077524643471613,0.18086387,0.9063505555867056,0.15462174,18.384283,18.923885,17.743135,1.1807499,0.9419968,0.0,window,12.832179230610539,0.020087454155967993,0.4903107715769539,0.0,False,,
4418721830832567040,228.9561161496391,-0.3504500457412876,0.6251598,0.58332264,0.8545124672627211,0.7195237,3.31766364754999,0.82803327,-4.099578710793285,0.82192045,20.39474,21.265265,19.236507,2.028757,0.99786454,0.0,window,14.864610134248105,0.01,2.5719676832783776e-08,0.0,False,,
4418722724185777536,229.00153448222832,-0.2780757707889641,0.67719537,0.60194886,0.1858579759934456,0.78235984,-2.3772384610736665,0.90668494,-2.4290692424315092,0.9147699,20.460735,20.75664,20.1965,0.5601387,0.9897409,0.9006392291063932,window,10.063009788393728,0.10240682218560034,0.9511261685303072,0.8692308482435641,True,,
4418722728481234048,229.0156896697977,-0.2807734907875732,0.032532815,0.026172481,0.05411560125168732,0.036718864,-0.1871553121844643,0.034554895,-7.214700830524396,0.030639498,15.428954,15.95321,14.7414055,1.2118044,1.0032489,0.0,window,10.157246523765515,0.09795867886644871,0.6383752407492396,0.0,False,,
4418722895984272768,228.89737773818135,-0.32035852910554447,0.30942526,0.29047096,0.04882333700402673,0.36035094,-4.369838197792693,0.40117761,2.1746977637406912,0.38791704,19.49906,19.920862,18.966515,0.9543476,0.9841843,0.0,window,14.584549701952632,0.01,0.6614076587852327,0.0,False,,
4418725438604940928,228.9981060483912,-0.20955950128394485,0.21669759,0.1762852,-0.39496107874270225,0.23126574,-1.9823802016188279,0.30206555,-2.4455759140981868,0.24264835,18.960325,19.367,18.381144,0.985857,1.0368974,0.0461576379233376,window,6.048468397651344,0.4416648637283578,0.7324491483463795,0.060904144691245485,False,,
4418725507324419072,228.99237583955275,-0.20561179775835467,0.5298812,0.39386922,0.3320748381276871,0.5261943,-1.1671307139773268,0.79067373,-1.961598413388195,0.54229134,19.93475,20.318365,19.41939,0.8989754,1.0467054,0.06646438252172578,window,5.9123267077389725,0.4577435382658104,0.675972548727281,0.087019899303148,False,,
4418725958295767296,229.01846520257797,-0.17173607921773784,0.3400605,0.29138124,0.13584623605013765,0.37954906,-2.345104713049703,0.46949556,-3.0977464291481027,0.37922078,19.601671,20.087185,19.060669,1.026516,0.91891617,0.38229034600685324,window,3.614045506646305,0.7260623296796233,0.40803001146985773,0.47218693059299055,True,,
4418725988360767616,229.035205491775,-0.17636187382001034,0.31422353,0.25410146,0.294534259660548,0.32175773,-13.805654911856475,0.52638716,-10.532767441338544,0.37930685,19.27004,19.774332,18.554365,1.2199669,1.066582,0.0,window,3.9668739160006337,0.6883261803230551,0.15473914293691848,0.0,False,,
4418726233173627648,229.21579569485,-0.2636817593167036,0.29342017,0.24407744,0.5432552368557441,0.32253024,-13.872252122637828,0.3835694,4.114604124006517,0.30974108,19.37286,20.431276,18.40492,2.0263557,0.98280185,0.0,window,14.785375670443115,0.01,1.0111549690859546e-07,0.0,False,,
4418726233174785024,229.21736277942915,-0.27626422848522714,0.21344435,0.17842066,0.511106809006078,0.24196878,-1.5689250367740988,0.25629863,-1.7662265756285935,0.21515442,18.939949,19.488834,18.283495,1.2053394,1.0872129,0.0,window,15.334650332313725,0.01,0.2809171052845951,0.0,False,,
4418726366318547072,229.248665347054,-0.2497267078419615,0.5790048,0.40798566,0.9015752810226602,0.6008327,-12.911397005782263,0.7148668,-1.220326567752762,0.5139435,20.178787,20.559517,19.414759,1.1447582,1.0763887,0.0,window,15.931250228154626,0.01,0.07774041776664202,0.0,False,,
4418727946866520704,229.2550818296021,-0.1805756351125643,0.3013516,0.24294725,0.36024822058778594,0.33401367,-11.390016448336372,0.35164762,-10.781974746798744,0.2958584,19.416613,19.733898,18.786293,0.94760513,0.9685161,0.0,window,14.590144323869469,0.01,0.7067064770847591,0.0,False,,
4418729424335270400,229.25676874232653,-0.18119605402513939,0.45059663,0.34146267,0.3542201887587881,0.50199944,-3.179249136915919,0.5054241,-2.6289806748322007,0.40043238,19.85983,20.21893,19.195818,1.0231113,1.0738628,0.6825030414419195,window,14.697762389946744,0.01,0.28920417831001605,0.3667081406889232,True,,
4418729497348958720,229.26134148435455,-0.16870192548998142,0.5742368,0.44024646,0.486313133980285,0.5955152,3.130176955290972,0.68767905,-14.767457112088735,0.5342227,20.3564,20.728373,19.834497,0.8938751,0.90930265,0.0,window,14.769342995835032,0.01,0.5921265489509153,0.0,False,,
4418731009177300992,229.11970993744973,-0.15868708147806745,0.32937482,0.2680296,0.7196403742743926,0.36471367,0.7030131691846271,0.43922013,4.105799850893696,0.3501686,19.486433,20.748158,18.459959,2.2881985,0.9448023,0.0,window,6.5132316801443455,0.3882098388324065,3.0579774789950287e-12,0.0,False,,
4418732825949375872,229.2101224458511,-0.11966389470840312,0.6825542,0.56122106,0.8417552991336702,0.7048605,-3.6740252982615917,0.98723704,-4.191233010159351,0.75401396,20.355703,20.534502,19.830904,0.703598,1.0397651,0.08250980770632088,window,11.303684886047481,0.054285596705324006,0.9838350787707956,0.05569602776341504,False,,
4418732997748067328,229.19718386689794,-0.12136094941707072,0.2534216,0.19757418,-0.12998360687265392,0.26092038,-8.986277197989684,0.33191633,-8.951967206817336,0.2507891,19.170692,19.558653,18.612125,0.9465275,1.0184067,0.0,window,10.533306073083015,0.08158034718599298,0.772554161789722,0.0,False,,
4418733066466890368,229.17918165285107,-0.11292408117915782,0.5048367,0.44786412,-0.33165240180086125,0.582037,-3.0390002308390236,0.69931716,-2.1487956701731368,0.59917396,20.107635,20.421116,19.699621,0.7214947,0.9234588,0.6430729145860272,window,9.437215669300501,0.13569986407107193,0.9999764346509052,0.6161068914281734,True,,
4418734135914408064,229.1573625243823,-0.07219214537698893,0.4720375,0.4003683,-0.10555148438708196,0.50195104,-3.8650467365322423,0.678434,-1.93301907533653,0.52744055,20.01429,20.648388,19.456196,1.1921921,0.8815865,0.10314512319786459,window,8.464680598843419,0.20156745680987845,0.02566148594843794,0.07566085323145161,False,,
4418887341691730816,228.84530224773704,-0.3109017255862178,0.17203139,0.14568561,0.4521201352515033,0.1845722,3.6246169735247618,0.24438038,-13.113102278230134,0.19911107,18.548199,18.95275,17.92523,1.0275192,0.98922724,0.0,window,15.977114013069908,0.01,0.7352578870576967,0.0,False,,
4418912703474622208,228.87827637615254,-0.19286553470986922,0.083131015,0.07821163,0.21542438832882843,0.09790491,-4.785902256871465,0.10978771,-2.5284761636114257,0.09790085,17.510538,17.93141,16.925093,1.0063171,1.0289801,0.0,window,9.901227960161622,0.11037855734497878,0.8897244715185993,0.0,False,,
4418913008416409984,228.87155407066626,-0.1563465015169692,0.5411912,0.4755134,-0.5432305861415276,0.5959231,-1.8964652183349688,0.73620313,-6.624771165929539,0.61056346,20.213125,20.395042,19.610998,0.78404427,0.9575217,0.0,window,9.411791731239342,0.13719648261168726,0.9105236175246884,0.0,False,,
4418913626891693184,229.0102661559889,-0.16249874368731246,0.38102862,0.35674563,0.25034173248437563,0.43622687,-3.1277578201408143,0.5581986,-2.866543303011835,0.4688359,19.776628,20.208618,19.18139,1.0272274,0.99938816,0.7087343824857886,window,3.1326826393628515,0.7732724967957307,0.3209055252226826,0.6868428464040712,True,,
4418913901774186624,228.98535482010266,-0.14498990565406925,0.45848304,0.37126693,-0.46712044696027083,0.4814392,-3.3208549398135228,0.6804516,-2.9617793381627875,0.5659948,20.070648,20.458958,19.562124,0.8968334,0.9404562,0.5990550541941226,window,2.9701096382252397,0.7879392036512792,0.6409926939211998,0.7017390056058321,True,,
4418913906065459840,228.99796610278867,-0.14990749743185933,0.0498511,0.047702737,-0.029097244797898637,0.059592407,-2.772121251472533,0.06903366,-2.7061578736809335,0.05634823,16.453886,16.97814,15.76092,1.2172203,1.0014526,0.8493190879984829,window,2.7101765697229645,0.8099222404945231,0.630848284526596,0.8408026305693913,True,,
4418914726403368192,228.9626213252168,-0.12743410771752472,0.6910697,0.6720413,-0.4217892712886519,0.7653152,-7.167206862519986,1.0602185,-1.5075345344056208,0.98282564,20.480396,21.20838,19.710056,1.4983234,0.8908321,0.0,window,3.681412896034208,0.7190436177004862,0.0020334470395579002,0.0,False,,
4418914898202086528,228.9558866421398,-0.11173008419305872,0.5224624,0.45975152,-0.19292846826419546,0.5593732,-4.1639041002979615,0.7855049,-3.487235226957211,0.77115625,20.207983,20.530699,19.704504,0.82619476,1.0281351,0.10929999380729712,window,3.9608016484410147,0.6889949340062321,0.8147974707171266,0.18550491947296374,False,,
4418915654116243200,228.78528825793467,-0.17462380389172485,0.3256363,0.2712715,-0.20437497343808206,0.36969882,-5.451564278776665,0.41425127,-8.307438065551823,0.34612086,19.476562,19.960438,18.876408,1.0840302,0.9864205,0.0,window,14.691659340709768,0.01,0.3180544568890668,0.0,False,,
4418915997713657984,228.83848192236127,-0.14878558278693907,0.1354874,0.11322394,0.1870942590152472,0.15323946,-4.971649460843105,0.15950294,-4.404634468297195,0.13417703,18.035511,18.336803,17.532457,0.8043461,1.0785081,0.0,window,11.228953294759888,0.05659534572038331,0.9992266933483408,0.0,False,,
4418918128017533440,228.9384371590629,-0.08542933210488146,0.6696772,0.64161944,-0.39995718946461195,0.68442994,-2.338736481446762,1.1282799,-1.941152899984622,1.1242076,20.459911,20.628347,20.07043,0.55791664,0.949355,0.77173425671268,window,5.248173366945724,0.5377185230263478,0.9480404474390872,0.834899507084635,True,,
4418919369263128576,228.84587786944925,-0.039578065488980345,0.612638,0.5311043,1.2892097178434467,0.6698024,-7.47587807980371,0.9120949,-11.393740171308139,0.767779,20.333857,21.443806,19.358912,2.0848942,1.0544007,0.0,window,11.411178510783024,0.05108141868089922,1.3880965612382008e-09,0.0,False,,
4418919742925176704,229.0394660858885,-0.12388370809427354,0.48928034,0.42143697,-1.0703284203809529,0.566405,-2.4463146570192684,0.67607135,-3.9720172632444055,0.5943365,20.014097,20.446796,19.432163,1.0146332,1.0169973,0.08396186291204592,window,1.2860950487284162,0.8951744726644287,0.2643246245378853,0.1694126568973254,False,,
4418919742925192448,229.04033565917783,-0.11461001072872985,0.6157486,0.5238558,-1.2088113903210882,0.67278194,-4.47988113847251,0.8667091,-3.181479746625594,0.74692535,20.367155,20.312355,20.001703,0.31065178,0.9915191,0.10473071542687128,window,1.1207839471101344,0.9010781982535393,0.3081609747638643,0.21071201855602767,False,,
4418919742925490432,229.04548933030725,-0.12114221233214871,0.61250937,0.5163912,1.0952900895687345,0.6576643,-3.8123157037395474,0.83669263,7.708920174355613,0.7097389,20.190374,21.51679,19.200897,2.3158932,1.1010135,0.0,window,1.5267709565895,0.8850912052559324,2.2193050575013808e-15,0.0,False,,
4418919846004417664,229.0534199689016,-0.10744026857051754,0.71574664,0.6293008,0.2606244247520768,0.7747745,-4.72694121242775,0.99416566,-3.924048598897619,0.87335485,20.496868,20.929438,20.18562,0.7438183,0.9894509,0.04779454359022287,window,1.9075924431527347,0.8655152469681293,0.9092865870805261,0.11713465326295228,False,,
4418919914723860608,229.0210546412562,-0.128570197288244,0.5232633,0.4350665,-0.16047731226248896,0.564823,-4.301915773658522,0.6945626,-5.44027407675038,0.56917846,20.051842,20.242025,19.451094,0.7909317,1.0962629,0.0,window,1.0194743787398757,0.9042872244122894,0.9505339940070675,0.0,False,,
4418919949083633280,229.03582855796427,-0.10827981220540427,0.31785345,0.28813085,0.20724161617761558,0.36633867,-2.538069393374106,0.4233652,-2.0739542385589345,0.3783357,19.472403,20.022701,18.883036,1.1396656,1.1034164,0.30244361989974994,window,0.8591271713408108,0.9087346203129789,0.2072814915727336,0.44508993417063447,True,,
4418920017803112832,229.02001312748402,-0.10770029555959432,0.103737205,0.09432985,0.12754925425207497,0.12238924,-2.8688926341729117,0.13655153,-2.5533748854463587,0.115477555,17.775135,18.228098,17.144018,1.0840797,1.0906641,0.5748363800130291,window,0.25993208494593173,0.918583400562583,0.7693059145891948,0.7644967366521074,True,,
4418920086522893184,229.06017349712823,-0.09492367605204727,0.39967644,0.39452907,0.8641714960856699,0.45180172,-9.353292465049538,0.55383027,-2.454458900274,0.51169693,19.726177,20.664045,18.659222,2.0048237,1.108343,0.0,window,2.5049226134277887,0.825945502829173,7.933689105991634e-11,0.0,False,,
4418920773717375872,229.01073774861075,-0.0938672866275212,0.24531867,0.22847253,0.5920687727544562,0.2838059,-2.2500670540163217,0.32894304,-2.829271701648872,0.2834056,19.188574,19.660915,18.640549,1.0203667,1.0776951,0.3184202451633813,window,1.2572033347613316,0.8962661367740059,0.5882261950228892,0.5174839301045504,True,,
4418920842441834112,228.99956567447796,-0.09124407507292363,0.67983645,0.73428166,-0.120743302554287,0.7786249,-2.8316155071194795,1.0974355,-3.8146673284688575,1.0293233,20.272541,20.356594,20.006475,0.35011864,1.0145961,0.5304387842270769,window,1.8131359522378745,0.870784703614658,0.2880751461493965,0.6071772823581173,True,,
4418924312770749184,228.92648077649358,-0.04347661545724328,0.62126076,0.5548616,1.1828837261643006,0.7044406,-3.163538560973418,0.8473605,-6.156952434567627,0.7498574,20.406656,21.37354,19.314978,2.0585632,0.99472964,0.0,window,7.034495084716074,0.3317205503841985,1.541450447670838e-08,0.0,False,,
4418925309202958848,228.93663420634158,-0.001735095830857758,0.40814087,0.33763814,0.6136140583501641,0.47494557,-1.2189977935311724,0.5994657,-3.8527060041538967,0.45899364,19.775219,20.131397,19.113024,1.0183735,1.003093,0.0,window,8.34421299787877,0.2109990215860143,0.3463874462920632,0.0,False,,
4418930806761051136,228.80850889139137,-0.04298036457884005,0.1947563,0.1828873,0.4574900339980589,0.24764946,-0.5842343892809465,0.25168723,-7.024162320604349,0.22705446,18.881804,19.38281,18.271656,1.1111546,1.0194671,0.0,window,13.449137096118935,0.011987189323355229,0.4796276303330661,0.0,False,,
4418828758338401664,229.2357208435947,0.010423305340457156,0.254754,0.20738505,-0.18107089394757156,0.26516643,-0.04925758726880297,0.3277181,-0.22173380078071245,0.25666463,19.294815,19.76973,18.647873,1.1218567,1.0020561,0.0,window,14.771320871687031,0.01,0.30965227895316866,0.0,False,,
4418923556856678272,229.12527325477734,0.014098909700854666,0.19873211,0.16603266,0.028690995703802003,0.21346498,-1.5887636606166098,0.25317788,-0.29980626074362743,0.20966747,18.73114,19.236559,18.1323,1.1042595,1.0981934,0.0,window,9.764749796209697,0.11744130787369678,0.5396767117841019,0.0,False,,
4418719597449572992,229.11912194617454,-0.35035389372260817,0.5143376,0.40605035,1.1678514451626119,0.56102693,-7.222708691366224,0.64904183,-5.203880787756698,0.5244824,19.987513,21.164785,18.983683,2.1811028,0.9271926,0.0,window,15.467377729019187,0.01,5.622123072144179e-18,0.0,False,,
4418720903119452416,229.06736166523285,-0.30080740058419553,0.45551085,0.485621,0.5999646968904634,0.5214466,-2.9677537628537882,0.706084,-5.402065677204072,0.7618046,20.025991,20.274609,19.631414,0.6431942,0.884105,0.0,window,11.675542992167282,0.04377135229122195,0.8384342186733117,0.0,False,,
4418721281076583168,229.13625473550943,-0.27138887870704703,0.13957044,0.12947759,0.18004004739845722,0.164245,-0.7609735041241008,0.18199487,-17.74735610940015,0.15763432,18.287281,18.691921,17.720736,0.9711857,1.1008859,0.0,window,11.789571240969432,0.04085781921594921,0.8639332918472684,0.0,False,,
4418722518027158144,229.0204440456787,-0.2936365227369821,0.20062378,0.17927134,0.6521871434550166,0.23685169,-6.081795985244838,0.24544507,-12.969384817004935,0.23102975,18.833479,19.368721,18.17878,1.1899414,1.0538007,0.0,window,10.922540705276173,0.06680050361354142,0.34171434793082184,0.0,False,,
4418724167294613376,229.06444501139202,-0.24883095154894752,0.60872036,0.6255195,0.7181942722478653,0.78519255,-10.371525883167507,0.803312,-0.5694170317592038,0.8160834,20.260334,20.919418,19.541513,1.3779049,1.0546072,0.0,window,8.620479028721752,0.18979343188847278,0.004114362962193285,0.0,False,,
4418724407812781696,229.03368336776825,-0.24931496685333032,0.40237603,0.34226057,0.6273749193284828,0.46168143,-14.04177510725719,0.5256203,2.6698627042671967,0.48932493,19.941685,20.668718,19.151377,1.5173416,0.95501286,0.0,window,8.293089506847227,0.21508816075540213,9.938496394167296e-06,0.0,False,,
4418724510892179328,229.0961455180443,-0.23668611187195093,0.52254194,0.518134,1.583510994006907,0.6721632,0.2656993001983693,0.67913175,-0.010219623949458875,0.70637023,20.0378,20.822866,18.977821,1.8450451,1.0533662,0.0,window,8.727661835251755,0.1819692422140492,5.512855308609123e-10,0.0,False,,
4418724888849127552,229.08896512281055,-0.20765901779486662,0.77536553,0.6505325,-0.5769224981868529,0.8690431,-2.2932966963838,1.1183121,-2.8623833060927377,0.99636286,20.457329,20.484186,20.092207,0.39197922,1.0168405,0.9072895517734145,window,7.029237136460697,0.3322688968700842,0.6000747887624561,0.8273073757086858,True,,
4418725988360768512,229.04500585636362,-0.17403585732655538,0.7311753,0.6367389,0.839617429027222,0.7826762,-3.051839634059587,1.0154573,-2.9877312709916954,0.77871245,20.449942,20.73345,20.096302,0.6371479,0.82297194,0.8692811597722865,window,3.9944478304927022,0.6852815763994317,0.9999260135770311,0.9287464481452727,True,,
4418726022720714496,229.05130070827633,-0.1675754631493392,0.5290861,0.48339173,0.6352158483879172,0.58641773,-4.256482490804977,0.77799565,-2.187074802547268,0.66984624,20.171717,20.363789,19.655966,0.7078228,0.97359264,0.11869141746519872,window,3.793618725309434,0.7071515499890987,0.999995907622549,0.2140610641810121,False,,
4418727878147040512,229.22079490609542,-0.19965227319411322,0.15570098,0.13042249,0.41975606361588874,0.1741316,-2.938380501667785,0.18842246,-2.1286788845713818,0.15923294,18.579632,19.037613,17.985895,1.0517178,1.0590738,0.012527144976662775,window,13.050825684626243,0.016904818964458213,0.6832804863584578,0.00530874065183561,False,,
4418730699939778560,229.16295947887582,-0.1922310030839149,0.6717881,0.5457576,0.8608798988790701,0.7883057,-5.206164886991333,0.77518666,-5.55517890492709,0.69133544,20.445345,20.91351,19.316727,1.5967827,1.0783236,0.0,window,9.748672478752248,0.11829405714653447,0.0004012435966225969,0.0,False,,
4418730699940569088,229.1609222786451,-0.18519118771272583,0.14913861,0.12997256,0.3235529029394797,0.17935617,-5.139759783138597,0.17960013,-6.177742722472442,0.15588968,18.423254,18.818668,17.853844,0.9648247,0.98920906,0.0,window,9.437903408997082,0.13565954068914482,0.8580258109810661,0.0,False,,
4418731902531386240,229.0666066766139,-0.1579872510268627,0.043878995,0.037774432,-0.003980870749394205,0.04972117,-2.742333029778708,0.056077156,-2.700812230624172,0.04546123,16.01747,16.59425,15.296619,1.2976303,1.0360211,0.9079294738372932,window,3.8654421573923767,0.6994130930865325,0.5194500252887384,0.8295600527037406,True,,
4418731902531386752,229.05850995351406,-0.15927001944859573,0.05733019,0.05032398,-0.026973241278171616,0.06399089,-2.8817217291178148,0.07731219,-2.6203996820631015,0.060861357,16.533472,17.063776,15.86221,1.2015657,1.003859,0.46692904728587536,window,3.606351579690788,0.7268579475906627,0.6525751442038299,0.5870976989241854,True,,
4418732211769030400,229.1395669989486,-0.13196819658130113,0.25269595,0.20895413,0.42191516789120515,0.27634084,-0.3420470129032712,0.3285988,-2.699789617806864,0.26191965,19.044418,20.088646,18.159845,1.9288006,1.0049675,0.0,window,7.1649983086880455,0.31826160287850597,4.56597340879385e-05,0.0,False,,
4418732486646144256,229.1229692603843,-0.10534899158698977,0.68623453,0.66187483,-1.0198817747128823,0.7364984,1.4884162208827947,1.0100349,-9.385219843881108,0.83862203,20.30007,20.589468,19.452642,1.1368256,1.0706083,0.0,window,6.0757315845232505,0.438464730710143,0.10263962463720624,0.0,False,,
4418733959820745728,229.20446338441045,-0.08319257774405733,0.30542243,0.22914064,-0.4262163688807832,0.2963842,-0.8660234847259867,0.3963086,-0.36580216303434315,0.29137045,19.373875,19.90041,18.72383,1.1765804,0.96794486,0.0,window,11.085597876036774,0.06122004204518249,0.18229277147483652,0.0,False,,
4418828655258856576,229.24366803502002,-0.00923862894382688,0.29949313,0.23039915,0.27939997711397574,0.3088455,-4.067255780306665,0.37302312,-2.269358284129555,0.27988166,19.40653,19.80215,19.009453,0.7926979,0.9764099,0.0,window,14.655081378018178,0.01,0.99310791484374,0.0,False,,
4418911088567188224,228.89155105463811,-0.2586826298675256,0.47536296,0.42411914,0.7171390283705095,0.5351611,-2.9719894779586333,0.7068109,-2.8239393534098722,0.6033223,20.043564,20.334137,19.595316,0.738821,0.96882343,0.9084032790590866,window,11.791806442467207,0.040802100495730236,0.9999935896197406,0.8565418777619951,True,,
4418912050639863168,228.8288675512973,-0.23625410559017676,0.36984202,0.3077694,0.6100834048875052,0.38622537,-6.650184380074353,0.5447098,-1.46645778983746,0.4440179,19.7148,20.086979,19.221,0.86597824,1.0273106,0.0,window,13.786954389493715,0.01,0.8516242771356035,0.0,False,,
4418913317654012928,228.93374967164402,-0.19969433112066287,0.39270252,0.30673772,0.31404213450885066,0.40955025,-5.80699182542469,0.54999185,-9.77013654320752,0.4049027,19.658457,20.582098,18.657623,1.9244747,0.9956063,0.0,window,7.4774209126393885,0.28726778883648785,7.409379070881704e-09,0.0,False,,
4418913455092990464,228.95687819685438,-0.17150392726845579,0.38670745,0.31961378,0.21087801058531114,0.41675004,-9.037920541689397,0.5582849,-6.063312146046235,0.46400186,19.79702,20.996855,18.870562,2.1262932,1.0083172,0.0,window,5.304590243163892,0.5308762321050259,4.7291345478944205e-14,0.0,False,,
4418913493748062464,228.96742526335893,-0.1752765732607156,0.7199794,0.72003627,-0.3851577135161018,0.767316,-3.397443694463216,1.256976,-3.587208091655281,1.2291254,20.445665,20.935295,19.85652,1.0787754,1.0569743,0.6528414011272101,window,5.027911093261193,0.5644053567088463,0.19403399432032079,0.5867173874721692,True,,
4418913661251431680,228.9858576063693,-0.16222178708405197,0.6416431,0.6150235,0.165655186705655,0.7866351,-2.8401020385672187,0.9717431,-2.074280711706596,0.9189519,20.32989,20.667269,20.135305,0.53196335,1.0322028,0.8162719935872977,window,3.7285134217224902,0.7140817777229128,0.8250935595275488,0.8604691405360667,True,,
4418913970489100928,228.98131927422483,-0.14336560947474136,0.4859402,0.4112462,0.5112181843949202,0.55733645,-1.8505225096623805,0.7304832,-1.9896036646476272,0.6682789,20.13814,20.53719,19.723385,0.8138046,1.0535747,0.3027588307159279,window,3.092092302509764,0.7769983744595961,0.870771465141711,0.4787581174848821,True,,
4418914107928101632,229.00045658559924,-0.11316004359697869,0.34358165,0.3072109,0.004432335531284217,0.39557132,-3.282146352319761,0.4836627,-2.9506226887107614,0.41233426,19.720633,20.115536,19.307468,0.8080673,0.9168452,0.41925283123635454,window,1.2900028083999946,0.8950248688728367,0.9685870024830936,0.6753102599791393,True,,
4418914314086473216,228.9422416150084,-0.15231275719065251,0.045336567,0.039893705,-0.05959984917317378,0.052399147,-1.737251800603487,0.058234014,-3.451410593077644,0.049921732,16.419472,16.894583,15.769284,1.1252985,0.910537,0.0,window,5.367556815278966,0.5232418099587833,0.755521019470203,0.0,False,,
4418914657683906304,228.9091316422977,-0.11920046624811746,0.77939254,0.8843801,-1.342113255682533,1.0231898,-8.387420115110661,1.1156597,-5.323148223408893,1.1138632,20.459072,20.668465,20.216225,0.45224,0.87330353,0.0,window,6.781439141208185,0.3586248322433694,0.7487531791692851,0.0,False,,
4418914898202085120,228.95736817844553,-0.11287775284909288,0.7175871,0.59811425,0.4510597805064045,0.7161407,-2.903345503963818,1.0430218,-3.7803620233498965,0.90770465,20.425697,20.644285,19.912397,0.7318878,0.9391746,0.46100013731874556,window,3.872660874284903,0.6986300822983929,0.9369544699539006,0.6207907082910188,True,,
4418914936857621504,228.96981331617087,-0.1014444387086321,0.49413106,0.4252562,0.17422636093685093,0.5246537,-2.660268862777322,0.7377957,-1.816383360407095,0.6475961,20.13012,20.447702,19.574224,0.87347794,0.97677046,0.43982503538090756,window,3.1840433339632717,0.7684982422070531,0.7020920682743187,0.5866865108793683,True,,
4418914936857750656,228.97839674029817,-0.10227201970313284,0.58900726,0.52364933,0.010349524088911394,0.6793197,-1.8048074728811598,0.8009625,-2.7545792097332185,0.6804801,20.248335,20.55827,19.596867,0.9614029,0.9761181,0.5129472791080611,window,2.6695197148302756,0.8131915154978245,0.41885434748534334,0.604461791143603,True,,
4418915035642498816,228.92962387213538,-0.11211576741098622,0.6459217,0.50949115,1.161821820641236,0.6444444,-18.44325774087361,0.9668921,-8.329101985672716,0.8071419,20.256052,20.67629,19.46496,1.2113304,0.9534878,0.0,window,5.536643653623496,0.502776305947478,0.04168248809389058,0.0,False,,
4418915070000786304,228.93788664628832,-0.10678711308287063,0.46982658,0.39351726,0.2496160541826168,0.5049188,-0.9733772054101013,0.63891506,-1.4033615076246568,0.54923147,19.94926,20.526375,18.934874,1.5915012,1.1026629,0.0,window,5.04905640050222,0.561847610718441,8.039379448181112e-07,0.0,False,,
4418916964082195072,228.77652144162354,-0.12950912529021527,0.22143124,0.1925571,0.31596419211060095,0.23857497,-6.393961876700343,0.30205262,-0.4039634882025605,0.25556502,19.011612,19.300251,18.608772,0.6914787,0.98016566,0.0,window,14.761846865937722,0.01,0.9521376035033465,0.0,False,,
4418917303383781248,228.77861735347713,-0.10655104384546937,0.2106031,0.19669548,0.25409371065484554,0.24020994,1.5406034621562643,0.2688654,-13.001857008551964,0.23490137,18.842194,19.161377,18.347322,0.8140545,1.0795573,0.0,window,14.600074268372726,0.01,0.9910670158027574,0.0,False,,
4418919639845937152,229.04921531078762,-0.1397229674083296,0.5473005,0.46996284,-0.44056882087873733,0.6087975,-4.498282919295728,0.79963607,-1.5901145161386332,0.6646262,20.218103,20.651943,19.763002,0.8889408,0.8767389,0.025727136939319207,window,2.352294370788845,0.8370693562247197,0.6318839333392509,0.05670347249740547,False,,
4418919674205695488,229.0539384183874,-0.12684087298631314,0.18179697,0.1470604,-0.23745706296672212,0.1988764,-2.6452435495649813,0.24200164,-2.281613503486975,0.18059295,18.511992,18.982275,17.900808,1.0814667,0.94095916,0.18647456485175146,window,2.1287240413955537,0.8521160124268498,0.6416620563272974,0.3403690442150856,True,,
4418919777284925312,229.06042400488957,-0.1176184268160414,0.6452496,0.5520983,0.5279321902074277,0.7271058,-3.3969283547962394,0.9944438,-2.9762091855589445,0.7924432,20.42495,20.801992,19.818222,0.9837704,1.0042812,0.7378575622541487,window,2.3394728510782894,0.837972577685449,0.365554852237269,0.7249613445762408,True,,
4418919846004417152,229.05637083548416,-0.10822865435205421,0.6382289,0.58317155,0.785220932531776,0.74994284,-0.5422526785935465,0.93000156,-2.047461706800056,0.93858033,20.285929,20.841242,19.876455,0.9647865,0.9403514,0.052772798815077654,window,2.0781144975076735,0.8553135897631199,0.40942210639841753,0.10783449242350505,False,,
4418919914723870464,229.02011409397315,-0.12286700723863458,0.28273496,0.2555215,-0.40768850519925953,0.32798743,-2.718276075362553,0.37132746,-2.8367453426718683,0.32476237,19.423834,19.853666,18.9019,0.95176697,0.9980833,0.8649597081468058,window,0.6844601093316366,0.9127036952128638,0.6931510488027838,0.8765017768913319,True,,
4418920331336673024,229.1060190445685,-0.08258822373093355,0.55614215,0.49963388,-0.28035953614516534,0.585074,-3.4486443768195563,0.842349,-2.1877093873772484,0.72401154,20.185007,20.699162,19.78148,0.91768074,0.94426084,0.5698518252216168,window,5.338877401975585,0.5267185825119632,0.550190459629818,0.598544995862246,True,,
4418920808078657280,228.98863491678316,-0.0939786602814025,0.6265078,0.54850084,0.21324822168608965,0.680088,-3.188856517317717,0.94023025,-2.262156843216421,0.7893136,20.32862,20.689726,19.619596,1.0701294,0.99397165,0.7873913074128369,window,2.25864194511641,0.8435542875084366,0.19291042494751923,0.698967736501166,True,,
4418921082955050368,228.95797558149044,-0.0741948425025427,0.0692701,0.060509976,0.0228709833037488,0.08152276,-2.776280728248743,0.08983361,-2.52514760089631,0.07723027,17.109854,17.465889,16.574566,0.8913231,1.0347247,0.5603118296717944,window,4.443834122719124,0.6340686741029127,0.9778832786981225,0.6960834653581747,True,,
4418921426552478336,229.0648416769107,-0.040577646325432974,0.60755473,0.5306992,-0.05404264435188452,0.66047555,-1.296047539774306,0.8567998,-3.0419942735808867,0.7490248,20.35302,20.795277,19.860619,0.93465805,0.8810627,0.22014174606888082,window,4.9796946923984455,0.5702323087604686,0.4844593490637457,0.2782367586271642,False,,
4418924312770487680,228.929593090483,-0.05143077931480051,0.3458887,0.2821751,-0.5347545972170145,0.37272537,-2.6330044664779386,0.46920148,-2.95262783905024,0.3854032,19.723274,20.215454,19.157167,1.0582867,0.9920299,0.739562570739423,window,6.611136514356144,0.37729065108822923,0.26760798197265456,0.6300188620517441,True,,
4418923591216430848,229.12957074628426,0.024977787624881505,0.30548313,0.24655512,0.31775282084823153,0.31594655,-4.944316883524092,0.40017942,2.5838496338337356,0.31418353,19.509333,20.171997,18.776522,1.3954754,0.937159,0.0,window,10.434901806159813,0.08565957570474325,0.009513931057702844,0.0,False,,
4418925858959184128,228.98419372855503,0.04017779879761021,0.07800275,0.07017113,-0.05532379870646487,0.09128138,-2.868304373286925,0.09844591,-2.698704346562052,0.08344546,17.352718,17.83648,16.706259,1.1302204,0.9889347,0.5800746870271226,window,9.383481645557644,0.1388767113475118,0.7491058695399161,0.5177697167664723,True,,
4418926477434478080,229.06527307487553,0.04294722438065882,0.43642038,0.34745714,-0.7144984438173355,0.4723587,-1.6450721677357811,0.56856936,-2.6824690004063894,0.42322412,19.984947,20.294535,19.371132,0.9234028,0.98002046,0.1706611850836832,window,9.631086116471998,0.12466594792233124,0.5644026883319869,0.13365288016034346,False,,
4418720181566895104,229.1795574579571,-0.30959583892043346,0.7764751,0.58726126,0.6560343261154122,0.8557384,-5.29518914859718,0.8746816,-0.9382052540427467,0.7529383,20.458447,20.659563,19.960396,0.69916725,0.9669685,0.0,window,15.185824808865165,0.01,0.9690948734032758,0.0,False,,
4418720284644846336,229.18428216163585,-0.3003908021008908,0.37740618,0.34933183,0.7411952425945915,0.42773914,3.153428463261646,0.46514803,-10.319691283128119,0.44222084,19.680708,20.747087,18.824839,1.9222488,0.9100001,0.0,window,14.941064219778912,0.01,4.7757481269898884e-09,0.0,False,,
4418720701256664320,229.07972722601727,-0.31400277516752667,0.10470336,0.09346726,0.32088783691119466,0.122251846,-10.10688023870142,0.13146399,-3.05943938168035,0.11177569,17.92106,18.144367,17.450714,0.6936531,0.98749244,0.0,window,12.630086761370915,0.023360539022779417,0.9679950518520193,0.0,False,,
4418722792905072512,229.00638964905,-0.2688815658294252,0.06722377,0.058125325,0.05792066571399397,0.08086708,-2.7181707762901164,0.07901936,-2.742241644999243,0.07184137,17.053022,17.514881,16.29323,1.2216511,0.94171625,0.7702033676270567,window,9.482669438778776,0.1330530606225635,0.6246846522247267,0.6740034934423039,True,,
4418725747842595456,229.07392432368434,-0.18354176338653522,0.21167497,0.19080786,0.5171832700195484,0.26186275,0.733044181662432,0.2853531,-13.695698854985936,0.25593665,18.870787,19.566383,18.070824,1.4955597,1.0042313,0.0,window,5.326884108060206,0.5281727776922883,0.03500462512977363,0.0,False,,
4418725782202331136,229.06145029385152,-0.18932514601004918,0.23154598,0.19451113,0.4202224207118436,0.25591102,-1.2155328546845028,0.30392265,0.32646148850836865,0.2480531,18.943987,19.46398,18.320126,1.1438541,1.0040973,0.0,window,5.232542907000265,0.5396142061866679,0.39202781909960654,0.0,False,,
4418726022720513152,229.05802794474104,-0.16847824007874174,0.1606264,0.13527612,0.45724194090708004,0.17522459,-3.9281512992385927,0.20828903,-9.967308959992867,0.17239116,18.339945,19.359264,17.375525,1.9837399,0.94578314,0.0,window,4.0429305561285,0.6798978255665982,0.0018025671674870515,0.0,False,,
4418726091439988224,229.05130851535176,-0.1596719606021042,0.38888615,0.3320758,0.3814050407679602,0.43660054,-2.874790469848288,0.5441568,-1.6850657293692912,0.45240074,19.781797,19.987837,19.351252,0.63658524,0.98565394,0.10850379941953064,window,3.3812387086036937,0.7495671940084453,0.7794744465434507,0.19613356850167277,False,,
4418730798724130816,229.1050566037046,-0.19583194782964064,0.7996798,0.67578757,-0.5253196648825842,0.7148037,-1.5563150761051356,1.0349432,-0.5377011672163919,0.83640915,20.219671,20.39994,19.902897,0.4970436,1.1358365,0.022528154770118138,window,7.101834688627691,0.3247392068924096,0.6153104724401797,0.02509296118107177,False,,
4418731043537923968,229.13197555327096,-0.1604947080540515,0.36069673,0.31861633,-0.6943377416069981,0.44056803,-5.164359721593257,0.4845104,-10.572330936752856,0.4264301,19.589783,20.069656,18.96967,1.099987,1.0480607,0.0,window,7.226768722246768,0.3119943248147193,0.23537247851024304,0.0,False,,
4418732035674733312,229.07897949053788,-0.14061750855677527,0.18151121,0.15465124,0.21683167265787542,0.19974852,-2.722081113128438,0.242004,-2.760661337678388,0.19701912,18.614582,19.1334,17.946972,1.1864281,1.022286,0.8896014147946852,window,3.841908126957042,0.7019592308466365,0.4156004734467031,0.7923237059527579,True,,
4418734406497605504,229.22972161736442,-0.05337483898608691,0.34500962,0.2708374,0.44250403618616335,0.3500136,3.809736683550888,0.47562966,-13.289384578815678,0.34213924,19.593504,20.503738,18.550781,1.9529572,0.9428318,0.0,window,12.949416534530267,0.018336107282796464,1.2528912093113036e-08,0.0,False,,
4418912183783198208,228.84750116273872,-0.2187998739354132,0.5181632,0.52629757,0.16793572743493848,0.60716087,-2.347601476526494,0.7663013,-5.483668500064782,0.6463544,19.915716,20.172066,19.175043,0.9970226,1.0415918,0.0,window,12.282668572828747,0.029791936539160187,0.3344306395731653,0.0,False,,
4418912188078545280,228.84920782185156,-0.21856509697711024,0.09216384,0.07914788,0.14402196250297428,0.098553024,-4.426540699375279,0.14257443,1.3744703141274213,0.11123622,17.427353,17.757092,16.895054,0.86203766,0.96212727,0.0,window,12.188126435136947,0.03172984772601751,0.9896508448974772,0.0,False,,
4418913145855325056,228.9605026802907,-0.19411085904003222,0.60174656,0.52887666,1.4254351255860103,0.6382921,-4.105063181654261,0.9717201,-1.1145287789065779,0.90994644,20.329859,20.562664,20.002312,0.5603523,1.0525959,0.09028395730235257,window,6.170864634057282,0.4273547148665591,0.8861121227486445,0.12009148481996655,False,,
4418913459388860544,228.9591572891121,-0.1771462542411233,0.18002537,0.15072644,0.1434475079922799,0.19563815,0.5939788325607056,0.2544363,-12.497193201692587,0.20732726,18.745739,19.089212,18.264471,0.82474136,0.97971296,0.0,window,5.444134403748818,0.5139647202817428,0.9872568019878843,0.0,False,,
4418913970489106560,228.9746227566358,-0.1400421586668894,0.13283545,0.12228455,-0.022595965166378774,0.15242189,-2.645744568740442,0.18129249,-2.5148391276654145,0.16597421,18.321878,18.756826,17.721285,1.0355415,0.9927863,0.7112820945418452,window,3.3103939855748337,0.7564758345560972,0.7614015160966306,0.7912085043065767,True,,
4418914107928097920,229.0014046776803,-0.11539892225540119,0.5216073,0.44344363,-0.1540634560926074,0.5814482,-3.6602535780293253,0.69268125,-2.643087366226224,0.6073958,20.183094,20.523712,19.884518,0.6391945,1.0133822,0.41331847398265464,window,1.2506631973138567,0.8965097291236619,0.9454675501643397,0.6671054957570819,True,,
4418914692043612800,228.95659345597966,-0.13926936017940542,0.525998,0.47516534,0.7833612000303194,0.5797213,-2.454308992331822,0.7732847,-1.4978588626520029,0.718067,20.218674,20.489237,19.76737,0.7218666,1.0463406,0.263416881896032,window,4.255570374729971,0.6558592306362936,0.9917432491817786,0.4016757518217499,True,,
4418914966921547392,228.9332411751929,-0.1218343428908117,0.23636235,0.20566957,-0.11974402452399455,0.2664414,2.3955766499839597,0.30932957,-7.72800175765942,0.27502874,19.097137,19.503904,18.63502,0.86888504,1.0190369,0.0,window,5.354844256317947,0.524782817972264,0.9293393682865293,0.0,False,,
4418915551037369088,228.77082730243487,-0.18269718782068053,0.5055852,0.41904753,0.11292464184165069,0.572989,-7.085183497346707,0.646901,7.8529814695495,0.52472794,19.948318,21.022926,18.752136,2.27079,0.98280257,0.0,window,15.656674408090323,0.01,8.879572984688706e-21,0.0,False,,
4418915757195476736,228.7713825967487,-0.1597144606211447,0.1773358,0.16581441,-0.22757885497059477,0.20278305,-4.9538808065876285,0.24093999,1.3909645695366508,0.22497973,18.692839,19.047493,18.166874,0.88061905,0.9486979,0.0,window,15.305732167768689,0.01,0.9433066572922422,0.0,False,,
4418919674206110848,229.05147626585224,-0.1333337915568141,0.50322115,0.42680568,-0.28258038627029497,0.54231966,-2.5465387500077687,0.743419,-4.002896060634924,0.57700896,19.90742,20.192505,19.393345,0.79916,1.1198682,0.06837549358317745,window,2.202179729849371,0.8473375003469503,0.9693967166969697,0.15880595990761148,False,,
4418919850300197376,229.05127377420672,-0.11849167923434072,0.08314975,0.07362278,0.08326589775597716,0.095104605,-2.62168067511388,0.11134531,-2.7345750579292747,0.09165306,17.309467,17.585264,16.87455,0.71071434,1.0301669,0.6451034586907687,window,1.8102812183249903,0.8709397148481786,0.9795554520513136,0.8291628307436792,True,,
4418919949085276544,229.02468212129384,-0.11480490894008538,0.473158,0.4392098,-1.0340380157268894,0.52669716,-2.2978474487522917,0.65499073,-2.0481639645887553,0.61178625,20.105528,20.32694,19.480587,0.84635353,0.99780464,0.5014448462819188,window,0.25464052904706674,0.9186232350759054,0.7941442030631352,0.7232667078923526,True,,
4418920155243735168,229.04016836211062,-0.08247789924629428,0.7458095,0.61647856,-0.5924303990472516,0.83286136,-2.3055793281304378,1.0169562,-4.382390648706841,0.8184977,20.493916,21.079794,20.424738,0.655056,1.0460312,0.10197556830980671,window,2.0626639923521894,0.8562743284696933,0.9973233796309041,0.2312720495269344,False,,
4418920189601804544,229.09378631418343,-0.10581506522679583,0.4573566,0.38549146,-0.049447160114322736,0.48999846,-2.0655893784705825,0.65442944,-2.778882514141729,0.53403944,19.981613,20.487164,19.634972,0.8521919,1.0214082,0.5885904323440376,window,4.327114155489053,0.6476294825173189,0.824359720769308,0.694545722536054,True,,
4418920567558983808,229.05968438897457,-0.06652045873631014,0.27817377,0.2854499,0.9173929223470018,0.33905363,2.6777608281088385,0.39214614,-10.004223116108568,0.37753683,19.323832,20.669424,18.148844,2.5205803,1.0041639,0.0,window,3.5292139107355687,0.7347651728772893,1.2360992175432167e-13,0.0,False,,
4418920846732620416,228.99535159141982,-0.08813693105526771,0.027742036,0.025847083,0.057652147913350285,0.033589315,-2.7862173754432034,0.0340794,-2.6277213284944385,0.029577035,15.212156,15.838182,14.452626,1.3855562,1.0341212,0.8408620155173948,window,2.125838973780062,0.8523003755531159,0.403949010411683,0.7815234365285394,True,,
4418920911156353664,229.02502060449922,-0.07714112334594982,0.55046064,0.4663856,1.1888459369937445,0.59951043,-2.7370661567673045,0.80761826,-2.861270793433146,0.6728636,20.248882,20.6385,20.015514,0.62298584,0.99216294,0.9546050458480954,window,2.0759933373485193,0.8554459153925177,0.9508302438027056,0.970197031734102,True,,
4418921151674544256,228.99769349247583,-0.06200212330100226,0.34161347,0.29465318,0.007073901150630876,0.37278387,-2.5863045074100315,0.46349785,-2.443022874066036,0.39960068,19.425497,20.1075,19.035763,1.0717373,1.1340219,0.8377110670066827,window,3.311381549067022,0.7563803445060223,0.36865069734098366,0.7597467304988197,True,,
4418921392194337152,229.05065690589095,-0.04887573322676212,0.407558,0.39100754,0.49675621420214167,0.4606583,-2.210701652936427,0.5504218,-2.4493822791367403,0.51712924,19.79472,20.1953,19.21471,0.9805889,1.0733747,0.6027257633974972,window,4.140126146462257,0.668992729448082,0.45224713681338324,0.6341216548723687,True,,
4418921529631707136,229.06592735056503,-0.02872880105123069,0.33954185,0.290039,0.07794675875078957,0.37359044,-2.1677721503425023,0.4451007,-2.1743485323195877,0.37911928,19.638668,19.812723,19.210888,0.60183525,0.99340063,0.22141676322152945,window,5.630428855078,0.49146393468424154,0.702528169895848,0.2805675900904203,False,,
4418921563991677440,229.02230000372688,-0.046641797766979416,0.45210245,0.39075473,1.5111723118396585,0.4942895,-5.125201034351348,0.5899004,4.051418585907393,0.5230721,20.016932,20.99707,18.866611,2.1304588,0.94625276,0.0,window,3.8975660280479922,0.6959214362173518,6.182047195095433e-16,0.0,False,,
4418922148106990592,229.114546351132,-0.03419991333230713,0.5675648,0.5209839,0.9368373143606209,0.6719047,-1.7732743920952119,0.796256,-4.460429022374376,0.7297487,20.229263,20.801916,19.698101,1.1038151,1.0814407,0.024282743344863047,window,7.243391058645875,0.31031933432426456,0.13021601800499374,0.02218082963513831,False,,
4418922388625162496,229.17887416783566,-0.0322195406180414,0.15791456,0.12749031,0.06025964144820421,0.16548699,-3.1978638567908826,0.19431174,-7.345739017544676,0.15885428,18.39703,18.832508,17.851854,0.98065376,1.0906072,0.0,window,10.55421202999634,0.08073203078762356,0.8377639240768473,0.0,False,,
4418923075819960704,229.10661923293537,-0.00495265374031647,0.23527166,0.19158447,0.6740927071455687,0.24698314,-18.481505564993725,0.31056657,2.5063357263656623,0.2394606,19.004782,19.864035,18.05938,1.8046551,0.91993076,0.0,window,8.172118427216281,0.22496988484943034,0.0004589669589313848,0.0,False,,
4418924484569212544,228.97005754055778,-0.024107342085218118,0.7361546,0.584397,0.5590194772289447,0.82985586,2.2844647540310303,0.9893385,-9.11474070830844,0.74682707,20.289927,20.843468,19.741335,1.1021328,1.1239496,0.0,window,6.101913153791553,0.4353982029315828,0.14133197973019185,0.0,False,,
4418925446642272896,228.8962535566198,0.0014571889553085496,0.16655105,0.14509127,-0.10024873068579952,0.1925678,-6.413338017808016,0.21568815,-13.628475558946693,0.18994617,18.749636,19.243338,18.071257,1.172081,0.91095704,0.0,window,10.141401704528569,0.09869668339331354,0.40078641306411233,0.0,False,,
4418926099477358592,228.94675631214233,0.04499449562205841,0.5683268,0.5096421,-0.5923982618222925,0.7408025,-12.834177166413806,0.79334116,-15.646841961965835,0.66614,20.340933,20.980707,19.777006,1.203701,1.0504884,0.0,window,10.421429770514745,0.08622921849298155,0.05500808450961052,0.0,False,,
4418926619168751616,229.02102937658148,0.04965069492338833,0.16279528,0.14743288,0.10718755507058458,0.19693908,-5.21674027020621,0.21084987,-3.4125855611846663,0.18267459,18.462187,18.950216,18.212208,0.7380085,1.1118809,0.0,window,9.675182713723421,0.12224840966596386,0.990518000626292,0.0,False,,
4418926992831743744,229.09611568110864,0.06855780067135041,0.66420996,0.54893607,-0.9899660611958394,0.69000834,-18.690877020475313,0.9060507,3.9353083097224317,0.7235347,20.368511,20.903461,19.451859,1.4516029,1.001956,0.0,window,11.690731647211333,0.04337514552506454,0.0024006682494588463,0.0,False,,
4418927611305869440,228.97132564641592,0.06318341109411327,0.3732835,0.3426653,-0.5376406534223139,0.44568872,-6.807031080174587,0.5063878,-0.9659214872754769,0.43704024,19.929876,20.193014,19.35056,0.8424549,0.90534717,0.0,window,10.917196837517874,0.0669893102013912,0.870320596218267,0.0,False,,
4418931425236758784,228.84162664661622,0.008794770007618857,0.5233814,0.52974975,-0.21378710018841113,0.6039303,-2.942185367209147,0.6930272,-0.9797519388817466,0.7100547,20.249187,20.809793,19.933651,0.8761425,0.9778832,0.06255370214415355,window,13.006757222509766,0.017517443754768804,0.6627588325087462,0.02737222239527872,False,,
4418937232032544640,228.8579771259181,0.01003347932008606,0.21034208,0.1955834,0.1179236139312828,0.25195885,-1.449608387254047,0.28325114,-0.3522518085532451,0.25435227,19.12785,19.798635,18.30595,1.4926853,0.95157033,0.0,window,12.247249323059313,0.030508188117787226,0.015200284411291985,0.0,False,,
4418937266392304768,228.8780290986876,0.02681026230012672,0.54262525,0.46976313,1.0539123974620597,0.66336316,-3.04395561905791,0.7601841,-3.6802709439456955,0.6532756,20.310482,20.953728,20.187778,0.76594925,0.97966737,0.2753969385998813,window,11.978404331653293,0.03633422971724963,0.9142385949334971,0.17686929298175244,False,,
4418937717364184576,228.84929647908825,0.05572219880389267,0.2426081,0.21152297,0.6273797710519673,0.27695143,-8.950733723312128,0.3395532,-1.0432704967817126,0.27771336,19.18271,19.819277,18.31245,1.5068264,1.009495,0.0,window,14.423553314645256,0.01,0.01019267046683545,0.0,False,,
4418718257419578112,229.06832467298264,-0.3664120073835042,0.33722296,0.24904254,0.28556747005921546,0.3249567,-2.1959266261807935,0.4281982,-6.38921128879003,0.33237687,19.332054,19.651522,18.850483,0.80103874,1.0255269,0.0,window,15.540393955425188,0.01,0.9895872137018671,0.0,False,,
4418718394858541056,229.08504834602687,-0.33777672323663116,0.09613238,0.08025628,0.1263525068444335,0.10962139,-6.069365040306854,0.119277865,-4.862604082042361,0.09975871,17.743605,18.113512,17.236979,0.8765335,0.9771972,0.0,window,14.089605778730165,0.01,0.9796282914622585,0.0,False,,
4418719150772787840,229.0799228894979,-0.3313414895083503,0.20592918,0.18028113,0.025428918108873162,0.22859195,3.8585395755574514,0.26526615,-15.747186773110922,0.23588617,18.890305,19.208118,18.408922,0.79919624,0.92631686,0.0,window,13.636373217236395,0.010036296133942095,0.9963447447752818,0.0,False,,
4418719288211738880,229.0217061411286,-0.33619178494920066,0.5169845,0.47180268,-0.1408857322343241,0.58086526,-3.527101384207911,0.7579231,2.46723170221057,0.74439275,20.251143,21.198252,19.173748,2.0245037,0.92738885,0.0,window,13.475512116874624,0.011699042345907537,9.168906200509925e-10,0.0,False,,
4418720422083114752,229.13934109071488,-0.3046702790684277,0.13946417,0.12544581,0.5164530886164548,0.16679452,2.6546675606271846,0.17144859,-1.612289001696957,0.15070303,18.12519,18.885845,17.292747,1.5930977,1.0772707,0.0,window,13.559003076792129,0.010815971756723294,0.08365960420418783,0.0,False,,
4418721349796061824,229.1608366379272,-0.2660502990358085,0.57588416,0.54914343,-0.5690701587116563,0.6504309,-3.182421825539879,0.82691646,-1.2545655245242326,0.7506811,20.321053,20.787706,19.9645,0.82320595,1.0479294,0.15647297703342464,window,12.464732631961915,0.026289972350096488,0.7869335991113316,0.08392733196036317,False,,
4418721555954496128,229.10200596154235,-0.2532876237212652,0.21543893,0.20706181,-0.03467645858560596,0.26831755,-2.9076283850847244,0.273537,-2.557201758951465,0.25878683,18.890415,19.369406,18.277748,1.0916576,1.0650057,0.78125459584068,window,9.765877554165717,0.11738165644786228,0.518423204779765,0.6549511339353401,True,,
4418721624674155392,229.13771939656303,-0.24456187096403367,0.5534701,0.52945995,1.266031134544035,0.62532884,-3.470130970168135,0.7201784,1.9792958512664698,0.6670765,20.210842,21.087557,19.056341,2.0312157,1.0116137,0.0,window,10.579914323489266,0.07969779082529997,2.229379049642557e-10,0.0,False,,
4418721933911785856,228.96971663010507,-0.3319194019381546,0.544516,0.5025704,0.49917107156218665,0.65265685,3.503739543156469,0.72831565,-6.732034472192341,0.74853116,20.164562,21.231232,19.030027,2.2012043,1.1085967,0.0,window,13.584897404041458,0.01055093761430447,7.156347224566793e-14,0.0,False,,
4418722075645312128,228.92116153022127,-0.34045806377785226,0.29961753,0.28182063,1.0583333099940098,0.3671148,-1.162904449996351,0.36936635,-1.8265036612622432,0.36960503,19.266737,20.79823,18.01146,2.7867699,1.037044,0.0,window,15.0029054164257,0.01,6.467020858899244e-17,0.0,False,,
4418722895984274432,228.9011674035106,-0.3137555418502352,0.45374566,0.4510537,0.6633649435933872,0.5465967,-11.649870657643007,0.5724616,-2.1268269280280903,0.5705924,20.064983,20.273827,19.641201,0.6326256,1.0057689,0.0,window,14.127823737504357,0.01,0.8467971748193911,0.0,False,,
4418723961136174336,229.05019719484977,-0.27590778006562255,0.15816227,0.13810407,0.2659589260033631,0.1863009,-3.813132174824095,0.19465493,-6.293225301955594,0.1786689,18.598558,19.348888,17.785896,1.5629921,0.98949176,0.0,window,10.003598814372692,0.10528454363993861,0.03995244016950494,0.0,False,,
4418724102870020480,229.0781270325237,-0.2599636375994455,0.64529014,0.5725972,-0.9130253819438003,0.77687156,-11.131688951251668,0.83425903,-13.793495668036323,0.7540821,20.402754,20.983961,19.670763,1.3131981,1.0597615,0.0,window,9.519645484685947,0.13092711751344868,0.01838217061117543,0.0,False,,
4418724201654345344,229.01593969492907,-0.2690070524993423,0.36832452,0.3257104,-0.1555045787705092,0.42777273,-14.740790940217837,0.44364095,-2.1271866140991693,0.42357582,19.749647,20.223671,19.156355,1.067316,0.98695105,0.0,window,9.451191406476077,0.1348821085880356,0.23451668744937373,0.0,False,,
4418724476532256000,229.08744059727877,-0.2577771359796071,0.14992453,0.13777494,0.46571396510740765,0.17532726,-3.0799109037739365,0.19264297,-0.26798446222274774,0.17720602,18.470718,19.136927,17.7084,1.4285259,0.9771954,0.0,window,9.611863047342991,0.12573041934792384,0.13479215466662603,0.0,False,,
4418724923208865792,229.0964505086775,-0.20813055489403784,0.19674693,0.17368096,0.5307242312612158,0.23255733,-7.86987648764104,0.24910304,-5.062255494089057,0.21738167,18.836025,19.71104,17.930367,1.780674,0.971388,0.0,window,7.318009226027954,0.30286119726963334,0.0017494911275004587,0.0,False,,
4418724923208866944,229.08913513509432,-0.20440274773187525,0.6319041,0.62160164,-1.1603991971221015,0.7924504,-2.201432476127521,0.92391926,-0.6974244323865223,0.91874886,20.398203,20.616692,19.786428,0.83026314,0.8756234,0.09046275924959779,window,6.875930949209493,0.3484582425546585,0.7481697671107995,0.10606895480530411,False,,
4418725472964680064,229.01442750124298,-0.20708613734606746,0.18499534,0.15426823,0.040692778180352475,0.19590692,-2.5548096990155895,0.26909608,-2.749995648401265,0.21352896,18.66587,19.05463,18.035519,1.0191116,1.0065444,0.7640781504079553,window,5.746684750703576,0.47749837877317225,0.7278362615364348,0.7717643783574589,True,,
4418725782202335616,229.0539949596263,-0.18033680039756542,0.5393338,0.43657959,-0.2853412828424666,0.5747453,-4.424541115714335,0.7614598,-1.9565125112695565,0.57258743,20.08703,20.195309,19.415545,0.7797642,0.9600498,0.04267461913231246,window,4.551635850489102,0.6214116601048008,0.9581652528905166,0.07354270362681534,False,,
4418727362751229056,229.1922854750085,-0.23222072949619624,0.41876528,0.34636548,0.1691440119074235,0.46739334,-7.699390708597493,0.52312165,-2.209044423016862,0.43832207,19.89927,20.62311,18.944649,1.6784611,0.9421229,0.0,window,12.525560155723477,0.02518522089371615,1.204779104402091e-07,0.0,False,,
4418730661285177856,229.15218759925216,-0.19490945059565204,0.2692507,0.23415855,0.9531325020448572,0.32326674,3.8971953936029253,0.31837204,-4.8660985961812875,0.28063303,19.171133,20.577377,18.11821,2.4591675,1.1002834,0.0,window,9.27873543308916,0.14522006801591936,4.299902413351786e-11,0.0,False,,
4418731485918919680,229.1713721460474,-0.13894530315791662,0.19701956,0.16759813,0.25322531289292577,0.23844196,-3.6352753457706006,0.24717823,0.8351104663092769,0.20150833,18.58362,18.882645,18.054369,0.8282757,1.040743,0.0,window,9.11715810059152,0.15540105738951626,0.988281951898656,0.0,False,,
4418731726437080448,229.0819466725322,-0.160137389686877,0.1920421,0.15944183,0.1987305399608344,0.20718534,-4.628608170292564,0.26325738,-8.067760477928662,0.20561677,18.62249,18.989454,18.030119,0.9593353,1.0530596,0.0,window,4.632632366399746,0.6118285763993111,0.8419602779641242,0.0,False,,
4418732104394212864,229.07644685676706,-0.1314029918021251,0.3641546,0.31187898,0.32048709882414583,0.39679793,-1.8906110821361124,0.49977303,-2.7642684723233506,0.4065344,19.626566,20.114855,19.207453,0.90740204,1.0663282,0.24887114288990964,window,3.4818133789258843,0.7395601121318367,0.7579582386831102,0.387164400261618,True,,
4418732516711076864,229.0975295645718,-0.10957712660723182,0.21834822,0.18619044,0.1897844373577804,0.23443438,0.008066219309506517,0.3210413,-4.8714827663877065,0.25242013,18.765997,19.26601,18.134624,1.1313858,1.0368376,0.0,window,4.539388160712828,0.6228555134055063,0.47438725759837613,0.0,False,,
4418828380380923520,229.26729173310912,-0.033073799876298424,0.42195725,0.3371895,0.9140576969758579,0.4279547,-9.011475895308147,0.5773892,-0.2038224494713078,0.42532852,19.812084,20.834341,18.5985,2.2358418,1.0294954,0.0,window,15.458966911850021,0.01,1.3835882555899513e-16,0.0,False,,
4418911908904743680,228.90219510696306,-0.19428910140110134,0.62206185,0.60268915,-0.9771319350679842,0.6859737,-2.4500590271340252,1.0175214,-13.897614511056453,0.959493,20.385277,20.90802,19.714222,1.1937981,0.9883956,0.0,window,8.729266885533695,0.1818537759182617,0.06626415794756496,0.0,False,,
4418913764332401792,229.0417658962465,-0.14997535303857223,0.45146254,0.38063422,-0.12259296282359736,0.49520376,-2.0344967031023202,0.6322855,-3.4460089821877444,0.509917,20.013754,20.605442,19.495373,1.1100693,1.0272053,0.17346520806343937,window,2.592749931267099,0.8192368265093488,0.0870376122483951,0.24986262137597687,False,,
4418914692043624320,228.95610332714236,-0.1316151399260295,0.31684145,0.27196047,0.8289335287108082,0.35424852,-7.060150257135696,0.42199865,-0.49788941381130325,0.37053347,19.53126,20.410267,18.663673,1.7465935,1.0466113,0.0,window,4.12640880420816,0.6705405301601896,9.448710499186371e-06,0.0,False,,
4418914829482592640,228.97188842904598,-0.12299813824169573,0.2021998,0.17573614,0.37317423072561184,0.23279396,-2.3973430676659415,0.27376482,-3.1419047935359528,0.24359755,18.96277,19.356703,18.370527,0.98617554,0.973451,0.09367676368420405,window,3.077634654105091,0.7783152971925369,0.7312072113815029,0.17634476660889276,False,,
4418914833778403712,228.97828681769454,-0.11530672098410516,0.069868855,0.06108039,0.028934501458940595,0.07999128,-2.6643997287928824,0.08968774,-2.824678065358263,0.07776009,17.048294,17.531267,16.392633,1.1386337,1.0588577,0.3580988411171727,window,2.626220106093979,0.8166218392390765,0.7380475950826328,0.5364717959860107,True,,
4418914936857622016,228.97050544832626,-0.09942813547156028,0.10302526,0.085731626,0.06151354055957264,0.11085314,-2.7390545210119264,0.13978748,-2.776751971300345,0.11365492,17.78952,17.810406,17.752583,0.05782318,0.96385705,0.7188274364191005,window,3.1689681513323436,0.7699064264442869,0.1822292122521697,0.654117723237948,True,,
4418917475182442624,228.8821618426762,-0.12524140086868477,0.37157896,0.29757452,-0.36239760927450104,0.40580225,-4.443371035698482,0.44776958,-1.5301081503889442,0.3775153,19.646507,19.971605,19.2709,0.7007046,0.99125284,0.0,window,8.424129560526247,0.2047102830186375,0.948149924292524,0.0,False,,
4418919605486378112,228.8631722312569,-0.011456062370929677,0.31120664,0.26773712,0.017039353827196818,0.37661391,3.505925910149898,0.3996104,-3.8759202174095497,0.3365891,19.459576,20.444214,18.55986,1.8843536,1.0833182,0.0,window,11.260709659054458,0.055605503046469176,9.194609041050923e-07,0.0,False,,
4418919708565437440,229.03497165169333,-0.12408497752379138,0.52871734,0.4990263,-0.1277835794358485,0.6338753,-2.682278814831805,0.79613554,-2.48940436235178,0.7643691,20.180664,20.462093,19.819021,0.6430721,0.9814233,0.9757361519231645,window,1.0845605269583398,0.9022611992839668,0.9504757096001432,0.9794866256981752,True,,
4418919742925173888,229.04370147424882,-0.125708856966517,0.47886935,0.4099795,0.3910986709145571,0.52754796,-3.464475945522855,0.6666446,-2.3137007677403556,0.56722844,20.071438,20.266516,19.456827,0.80968857,1.0006425,0.46389075332723806,window,1.5581092246345862,0.8836479700655833,0.905235637719733,0.6945693984376493,True,,
4418919846004412160,229.04703386071853,-0.11164707029688592,0.3468051,0.30086333,-0.3497458246773559,0.38701522,-3.321594294238807,0.48501164,-2.7518334854023134,0.40184656,19.61413,20.053469,19.01083,1.0426388,1.0487365,0.47641187249621725,window,1.5080314270487711,0.885939861801556,0.3584942058212698,0.5960277085809353,True,,
4418919880364162048,229.0675550894261,-0.10400643525658942,0.5574584,0.512544,0.5397121703211001,0.6044494,-1.5400816399273272,0.82215476,-2.518202402580337,0.7312872,20.24125,20.318403,19.731558,0.5868454,1.0316162,0.3502811924643815,window,2.7769316572861555,0.8044538066929742,0.8804716974368144,0.5442340329489237,True,,
4418919983443668224,229.0135519256985,-0.10864495140835453,0.7535254,0.717815,-0.8136173612090504,0.8303297,-2.339811825451872,1.1262738,-4.215251612023944,0.981561,20.45371,20.937275,20.33212,0.60515404,1.0560446,0.2694102759736659,window,0.5313385101551198,0.9154373856335276,0.9902482668108736,0.5377899828704955,True,,
4418920739357620864,229.000748866084,-0.10640106130384049,0.07738905,0.07150678,0.1862880681307733,0.09300753,-2.7966344896786537,0.10178507,-2.604936856585506,0.08773299,17.376879,17.480152,17.127615,0.35253716,0.95454806,0.8377370040664669,window,1.3068404018999484,0.8943749442704079,0.5909012588625552,0.836869760639413,True,,
4418920739358003456,228.9991318511311,-0.09627563800408401,0.5524141,0.45745116,-1.5319550634530117,0.5834959,-2.8151734092760687,0.9211549,-1.8666873355093128,0.7084436,20.21596,20.265865,19.723173,0.5426922,0.93870354,0.5435217483770095,window,1.6466941866885825,0.8794056555534038,0.7457380275967389,0.7197302855196408,True,,
4418920808077112704,228.98447378503073,-0.0948040612140513,0.47088003,0.44045648,-0.6827297294703384,0.5481839,-0.280001811281988,0.6260288,-11.732082126737065,0.5664968,20.036112,20.655798,19.487806,1.1679916,1.0524712,0.0,window,2.4613312099125704,0.8291921792499068,0.04048422114189541,0.0,False,,
4418920945516098304,229.0120894113646,-0.07298849280073912,0.39407167,0.36263785,0.3661970316994903,0.44408053,-6.735473615032848,0.55137044,-2.8846020292710444,0.48934332,19.827913,20.053192,19.397028,0.65616417,0.96136004,0.0,window,2.390302236269047,0.8343632890412894,0.8311690216125761,0.0,False,,
4418921117315063552,228.98188941150437,-0.06446680926697124,0.6337774,0.57529855,-0.1528119455519234,0.71533036,0.5855073704244254,0.8285822,-5.677279430153296,0.70825166,20.21199,20.940802,19.02198,1.9188213,1.0757892,0.0,window,3.7095233701005252,0.7160876176106256,8.308960007909204e-09,0.0,False,,
4418921190330132736,229.0148618732696,-0.05954240263444618,0.73985523,0.69712347,-1.3613616606778822,0.9954473,-2.129113719046599,1.0102091,-2.6148949705308837,1.0122159,20.46807,20.872858,20.13206,0.74079895,1.00795,0.8386816066474349,window,3.151872862331249,0.7714964229149598,0.9141251685380508,0.9008151631389283,True,,
4418921254753773824,229.0031008911533,-0.05062775791289368,0.43640202,0.4022682,-0.1115559497340782,0.49379322,-2.4539951820804964,0.6092757,-2.5523877177711207,0.5300355,19.967337,20.16877,19.749792,0.41897774,0.9635587,0.8889986316297828,window,3.828272462613577,0.703429811845621,0.09840537802593924,0.6977695316834804,True,,
4418921289115106048,229.04220918509554,-0.06901736194765427,0.5752719,0.5133578,0.7426237820108111,0.680829,-2.85271296663958,0.79839766,-1.2392210188901718,0.76665205,20.340403,20.704449,20.206612,0.49783707,0.98160124,0.18527899999854297,window,2.8306665279541843,0.7999621126638731,0.7511174017016005,0.3261513987466294,True,,
4418924690727898496,229.0057569516878,-0.007293979508414056,0.7051127,0.5344138,0.8371625684815899,0.79409724,-21.10845947088854,0.92338747,-4.166031103511073,0.6908676,20.239782,20.83367,19.484497,1.3491726,1.0587628,0.0,window,6.332869377409566,0.40865685029681237,0.005801112077314966,0.0,False,,
4418924725087400192,229.02234930234366,-0.007803952907122201,0.3517281,0.29856417,0.25847406222627334,0.41399232,-3.3756776935349073,0.45741877,-2.5901526066483602,0.40238687,19.623901,20.160227,19.23784,0.92238617,0.9897971,0.38187007547802876,window,6.227821171980887,0.42074777065842556,0.7142066256893652,0.4310693042807836,True,,
4418924793807242752,229.01905953436764,0.001401768826564297,0.23025553,0.21933237,-0.06309714136877576,0.27523577,-4.930599041723504,0.30690962,-22.195946933581396,0.28028345,19.028326,19.408989,18.524807,0.884182,1.0230185,0.0,window,6.78224776164889,0.35853724118450825,0.9132925451627575,0.0,False,,
4418925313498622080,228.94289485530268,0.005994365608559944,0.08560159,0.078108825,-0.05617285062902287,0.10186978,-2.701973433402345,0.11012083,-2.717675508603529,0.09289458,17.554617,17.966602,16.978745,0.9878578,1.0169655,0.8811109945184422,window,8.500165087290778,0.19884387715897509,0.9047977887555986,0.8620871919437034,True,,
4418926962766135168,229.12068203587012,0.0714247791349667,0.053834043,0.045867223,0.0776170232699773,0.059836775,-8.881372398006638,0.07060588,1.5681867307139152,0.062547535,16.439772,16.891106,15.825752,1.0653534,1.029325,0.0,window,12.478835046763669,0.02603099004184219,0.8296554571806866,0.0,False,,
4418927439507177472,228.99784609443373,0.06274908330821083,0.21635693,0.19225134,-0.14381373586103108,0.25193727,-0.2247753388554477,0.2745707,-6.585176312366231,0.23814791,19.107254,19.421251,18.786165,0.63508606,1.0046307,0.0,window,10.560032561593001,0.08049697837283937,0.8622391337771494,0.0,False,,
4418722311868720896,229.00519417306487,-0.3184672715811319,0.53886116,0.4764436,1.2978946777902938,0.6007454,-4.715070379042042,0.74168307,-15.519809749376796,0.7367376,20.161379,20.634687,19.75284,0.8818474,0.99920964,0.0,window,12.452443371736678,0.0265170721021059,0.6670380923570964,0.0,False,,
4418724171590245888,229.05541704957355,-0.2526984998770668,0.04298476,0.044022825,0.04939670283114289,0.055892218,-7.180602716742747,0.052651335,0.10465209137720062,0.05030003,16.30692,16.756594,15.677094,1.0794992,0.99294364,0.0,window,8.70148435978633,0.18385950149002572,0.8129180779224404,0.0,False,,
4418725198088235904,229.02844856304338,-0.22249439778219507,0.3661925,0.30403617,0.11271436816214786,0.38096973,1.2874013970357785,0.54178363,-5.977885960885276,0.43375954,19.60669,20.456438,18.838217,1.6182213,1.1139119,0.0,window,6.665254947034659,0.37131278998429873,7.196068379178265e-05,0.0,False,,
4418725576045414144,229.04709427650826,-0.2144356575414424,0.43193802,0.36268958,0.05683327514234604,0.4717517,-2.1730253626049674,0.6022861,-1.5820408340822711,0.47915083,19.879923,20.159002,19.117737,1.0412655,0.93310857,0.05995155368101046,window,6.352615039597925,0.40639853297079,0.23230253190337374,0.06373138610175479,False,,
4418726091439988352,229.0332917552319,-0.15947097749489575,0.7734367,0.6218869,0.36114507067952967,0.8298003,-2.4013224948330056,1.0567422,-2.542754107675554,0.8855212,20.38564,20.561167,20.027332,0.53383446,1.0823345,0.9457925708115563,window,2.9524646471160625,0.7894894428921859,0.8702649493999203,0.9435895250993539,True,,
4418729458695273600,229.27153312937017,-0.173811468436919,0.388987,0.3058514,1.046401869280984,0.42075267,-10.917162235986016,0.44504178,0.6618320382917536,0.36568466,19.791924,20.756931,18.77243,1.9845009,0.98913634,0.0,window,15.436069019854877,0.01,2.339935647432852e-11,0.0,False,,
4418730523846217088,229.13039077074106,-0.22139753892959402,0.58027184,0.47053605,-0.02086705583346796,0.6981033,-2.0116556599685804,0.6549656,-2.6442322096060735,0.58457786,20.252258,20.465675,19.723072,0.7426033,0.89783734,0.5555020148834947,window,9.261345909222289,0.14629258726713817,0.9657052297219585,0.5287381577864448,True,,
4418730970522833408,229.13222892544877,-0.16789239807929515,0.12368802,0.10500238,0.035831872740400145,0.1393143,-12.918414498918654,0.15913235,-6.2555145343010725,0.13089459,18.010437,18.456142,17.396784,1.0593586,1.0091696,0.0,window,7.431590333776616,0.29170285818188724,0.7719368003232484,0.0,False,,
4418731898235774848,229.06304511227953,-0.16002307427004178,0.5663807,0.49700513,-0.6421778064821617,0.66946626,-2.181361911934886,0.8061286,-3.370453195676864,0.71025753,20.28195,20.332802,20.032194,0.30060768,0.95832026,0.48337654163266536,window,3.812577693468149,0.7051181878592506,0.20239778416678222,0.5067652534120538,True,,
4418731932595516160,229.07061694899036,-0.14621988623372822,0.2992556,0.2544695,-0.0471793450613296,0.3252142,-2.198222747318849,0.40995705,-2.37932247608145,0.33526576,19.364908,19.672728,18.805122,0.8676052,1.0248456,0.3321228717900082,window,3.5859067326716927,0.7289660682881582,0.9043282282745227,0.4971641349129193,True,,
4418732104394211968,229.0810967166855,-0.1340675393141151,0.29793212,0.24731664,-0.01871331824297058,0.38083073,-0.609220583621704,0.3670013,-0.34556713123006955,0.32804003,19.215425,19.77667,18.554796,1.2218742,1.0068579,0.0,window,3.7990132745479284,0.7065736713350541,0.16865378146095383,0.0,False,,
4418732825949637504,229.21550445615895,-0.11549893389131198,0.5516782,0.4554957,0.5726348525105255,0.5584009,-9.839429521264385,0.80192685,-1.1747234109514963,0.5855218,20.0291,21.006758,18.931963,2.0747948,1.0527383,0.0,window,11.61860067874911,0.0452793050100318,1.9338181859206543e-14,0.0,False,,
4418732860309375360,229.2382873801413,-0.12644224551885216,0.69090337,0.58164567,-0.22047687508510846,0.7405646,-10.867700634068662,0.865041,-10.788258624589746,0.6622696,20.492151,20.924223,19.675034,1.2491894,1.0093805,0.0,window,13.013723772191348,0.017419646395971596,0.043690337095149856,0.0,False,,
4418733100826628992,229.19566607593862,-0.1096019325956234,0.18096578,0.14998786,0.31211328891580703,0.19546312,-4.333484175122394,0.24612282,-7.534437623819505,0.19163863,18.638386,19.295292,17.88626,1.4090328,0.92449015,0.0,window,10.426634007055004,0.08600884438393343,0.11724074005467258,0.0,False,,
4418734818814206720,229.22751123149234,-0.019950097652801715,0.6728334,0.65029883,-0.5402796619487906,0.9389799,-13.88187168038928,0.9591599,0.24192671160567356,0.8630857,20.29482,20.562878,19.699545,0.86333275,1.0076586,0.0,window,13.50673468367472,0.011363666607441395,0.688194396593076,0.0,False,,
4418913626891687296,229.017697673293,-0.1681938525304522,0.33211994,0.26673365,-0.09828638318074555,0.37387493,-2.569350041493786,0.418973,-2.2445740311185665,0.33766264,19.435587,19.589302,19.299248,0.29005432,0.9837714,0.47454994138082973,window,3.4049794503307105,0.7472258252478375,0.08529282432357764,0.4861473013834207,True,,
4418914073568333824,228.99657012713035,-0.1321292936717555,0.37951466,0.31765917,-0.8486336025814978,0.4159922,-2.1751028286595924,0.5205729,-3.3034739410670304,0.42743555,19.708893,19.955463,19.079596,0.87586784,0.99375564,0.193519887884007,window,1.9562686233606439,0.8626933886055848,0.8262200335201773,0.375210104700246,True,,
4418914829482589312,228.97848392600588,-0.12430608835798168,0.16561083,0.1534625,0.5689703595785276,0.18915346,-1.8408148782868454,0.2301569,-0.7612944554936475,0.21104379,18.65496,19.334803,17.859589,1.475214,0.94276536,0.0,window,2.7142245375282803,0.8095941896190334,0.07047936628254353,0.0,False,,
4418914868138142208,228.9902684389146,-0.10749210086915781,0.254408,0.23839894,0.2587837751536768,0.30024412,-2.6883881489627526,0.3436292,-2.9905952674330956,0.3021746,19.284384,19.334877,18.492758,0.8421192,0.9070394,0.5678378876648628,window,1.9138276060187551,0.8651578171236991,0.9515148996830916,0.771299653770429,True,,
4418915104360532864,228.95076342717564,-0.1021088664507626,0.12720472,0.11948523,0.10197846738653044,0.15225345,-2.7783982244659367,0.1729027,-2.7250303461687464,0.16113316,18.122393,18.639067,17.541405,1.097662,1.047587,0.9052892618604952,window,4.3060083463098175,0.6500641330155431,0.6935610983793687,0.8714360085780166,True,,
4418915482317897216,228.80670208818904,-0.17384304093577377,0.5392323,0.45245296,1.2291515347869215,0.5768015,-4.456010495675635,0.8774092,1.5118192895958331,0.7599433,20.171036,21.025377,19.161026,1.8643513,1.0338635,0.0,window,13.4410930401087,0.012075959087677455,1.5566067318514868e-08,0.0,False,,
4418916203872098688,228.82939457502022,-0.14144580774074314,0.12523471,0.1141607,0.1653717623359099,0.14490423,2.0341979810808755,0.16098592,-9.136103809808066,0.13956374,18.153011,18.524656,17.625774,0.8988819,0.9256582,0.0,window,11.688297269080822,0.04343847844768738,0.9530497299627755,0.0,False,,
4418917028505839360,228.79854222637059,-0.12729888052398008,0.4948586,0.4114043,1.6168969832021964,0.5390661,-10.678656981080257,0.65524817,-3.748348680076982,0.52058256,19.883234,21.233662,18.815926,2.417736,1.0891302,0.0,window,13.434502530008109,0.01214899919135514,9.514630968815448e-23,0.0,False,,
4418917578261674112,228.89124288427922,-0.11477794842266797,0.42844787,0.38022837,-0.013066792992557023,0.48468822,-3.005903739859157,0.6019359,-3.71739491386636,0.52172595,20.010992,20.726866,19.263744,1.4631214,1.0273821,0.12174828720178575,window,7.841730633109709,0.25342867110890305,7.515151841308549e-05,0.0952272462817014,False,,
4418919227529466240,228.89078087854537,-0.049995735355627284,0.69885767,0.5615544,1.0621003489523166,0.76294166,-3.418426253039444,1.0205246,-5.24981235411914,0.81367147,20.243809,20.990887,19.098564,1.8923225,1.1158193,0.0,window,8.69218494683354,0.18453421545760174,3.8945282391321406e-08,0.0,False,,
4418919674205687424,229.05700621832497,-0.1319212975040853,0.7555916,0.616914,0.8682348904754442,0.84403664,-2.6968786910850926,1.0798727,-1.542522261728649,1.0206842,20.494795,21.001501,20.327644,0.67385674,0.9815682,0.5555819424461502,window,2.433809622323625,0.8312133995860295,0.9888012966087368,0.7557957620413094,True,,
4418919815940597760,229.06927644145128,-0.11111832372992612,0.70531625,0.6087319,1.5657366100500851,0.8213421,-2.1044825085410093,1.0955917,-3.6669593922951385,0.91952646,20.413115,20.825462,20.162312,0.6631508,0.9327729,0.4670497072026894,window,2.84272800742726,0.7989429824320942,0.9981993817430792,0.6726794050044888,True,,
4418919949088637056,229.0361662046739,-0.1162829872706618,0.6351132,0.48322812,1.5466152620547642,0.6822563,-4.477693936746732,0.8302814,-0.7988580950240473,0.66125584,20.207268,20.546112,19.609186,0.9369259,1.0434479,0.0,window,0.9009079288936859,0.907650136874202,0.4896856849935849,0.0,False,,
4418919953379416192,229.0375933780749,-0.10856101364133888,0.22719009,0.20114529,0.12333014756550703,0.25434124,-2.8253320040848866,0.29809877,-2.332177845506792,0.26142877,19.053602,19.53392,18.48248,1.0514412,1.0059319,0.49314745235769636,window,0.9590932326203643,0.9060526265831977,0.5570201480239042,0.660700595184434,True,,
4418920189601820928,229.0838723389518,-0.09637191329534067,0.45382753,0.37236267,0.30492657460330497,0.48713416,-3.056252251146984,0.60773575,-1.0610631690777914,0.5127188,19.990213,20.448366,19.466024,0.98234177,0.93148977,0.0,window,3.828945423633889,0.7033573150045805,0.3557720237407597,0.0,False,,
4418920258321297792,229.0686071957579,-0.0954139930314243,0.47412294,0.4293957,-0.5307008454738791,0.57634056,-3.0213445094612883,0.6626115,-2.0928431376899845,0.5982462,20.133045,20.599186,19.84255,0.75663567,1.0189718,0.5930486611745983,window,2.9659309584206284,0.7883070782927123,0.9771563956400705,0.766027142440094,True,,
4418920327041064448,229.1125003448384,-0.08984216055430642,0.6406611,0.5169934,0.40535114762539987,0.6469716,-7.975447189176802,0.87286097,-0.4497197587695649,0.6810975,20.186733,21.38373,19.128746,2.254984,0.95514137,0.0,window,5.590568997315798,0.4962674582767484,2.2786084264606173e-14,0.0,False,,
4418920636278474880,229.09626681835618,-0.056578150929390794,0.08861277,0.07740786,0.009631373118620766,0.103205904,-2.6963807458651523,0.11150109,-2.7064748390405207,0.0932937,17.477488,17.980087,16.847881,1.132206,1.0030261,0.9059205812404205,window,5.550504809212195,0.5011022089173871,0.7444451680061528,0.8754414937519747,True,,
4418921357832971264,229.03260431364282,-0.0638915629111867,0.57523084,0.52692235,0.7495497262844992,0.65504694,-2.7625164888662646,0.8058778,-2.111897251321174,0.723462,20.20806,20.511347,19.766443,0.74490356,0.88866377,0.7586028720102888,window,2.9336729052706083,0.7911313107693504,0.9733085894680746,0.8732579959741348,True,,
4418921563991726464,229.02802213246707,-0.04411299058714334,0.50319815,0.43687293,1.4314488460544474,0.5512904,-1.255730556777571,0.684983,1.4455577341639907,0.6139577,20.159355,20.576265,19.481504,1.0947609,1.0059394,0.0,window,4.065847573589245,0.6773398153507112,0.13143778388639243,0.0,False,,
4418921598351163008,229.03172230565102,-0.04632279987424869,0.2604593,0.24416326,0.15653044527365592,0.28921512,-2.434525738431753,0.3467358,-2.0354994360581786,0.31934825,19.224442,19.72013,18.6352,1.0849304,0.9088127,0.12960782004065202,window,3.9607227424711837,0.6890036199893004,0.4179723019074778,0.1910373131035922,False,,
4418922285545965056,229.1393819343013,-0.016892141400218087,0.30196148,0.23148356,0.5099044975508337,0.3035757,-2.8913016187358087,0.44098142,-6.885684698825492,0.3046839,19.443249,19.926739,18.89001,1.0367279,0.9517504,0.0,window,9.054143339761099,0.15950364573245243,0.45010401911228437,0.0,False,,
4418922972740730624,229.08960589610572,-0.01827147276900603,0.26561558,0.1981521,-0.09535321517374247,0.27357686,-7.951335907069376,0.3346392,-5.362283132673544,0.2501276,19.061497,19.987747,18.118128,1.8696194,0.96337855,0.0,window,6.918050729513871,0.3439720816870805,0.00010770535686807236,0.0,False,,
4418924317066204928,228.92595529713088,-0.04589598257052382,0.104729734,0.08353346,0.21697899374575522,0.11408214,-5.006087584221515,0.13628419,-12.215541020242512,0.10531108,17.80587,18.120096,17.281403,0.8386936,1.0141159,0.0,window,6.9771432812774785,0.33772671943440263,0.9935531858694423,0.0,False,,
4418924587648675328,228.9988359354847,-0.019417349061162367,0.5244784,0.459873,1.1065884361250367,0.56935,-2.5441324941405288,0.6452786,0.365686807207187,0.5340541,20.1151,21.029932,19.20795,1.8219814,0.97310275,0.0,window,5.701449348764277,0.482923834081782,1.3811465301096651e-08,0.0,False,,
4418930738041564288,228.78120679492386,-0.04993363812088344,0.2717227,0.26799855,0.6646134315954614,0.3274711,1.9952579344879218,0.3602918,-2.9239453687793633,0.3372073,19.35862,20.648657,18.350864,2.2977924,1.0351093,0.0,window,14.908006631263857,0.01,6.496083298799134e-11,0.0,False,,
4418923110180061440,229.1196533152469,0.0002797183519199731,0.19797891,0.17694207,-0.026800939565165056,0.22150207,-4.478541749350921,0.26847386,-7.67816644396568,0.22971794,18.902103,19.340368,18.419247,0.9211216,0.8950357,0.0,window,8.914139597385239,0.16888742566522016,0.86850704428854,0.0,False,,
4418924931246196608,228.9726776560467,0.0017815672957638125,0.4563121,0.39932293,0.0019591083003323018,0.5076179,-0.8057274072116454,0.62082154,-0.10878520495039608,0.5327768,19.967112,20.510916,19.397156,1.11376,0.99150056,0.0,window,7.416303332330527,0.2931908641735848,0.0746564554551987,0.0,False,,
4418926511795311104,229.0276733756604,0.025635037080238243,0.5414553,0.4604624,0.3288214706206701,0.58897376,-7.923756645724502,0.7364444,1.785576831807911,0.64324784,20.184063,21.178177,19.374237,1.8039398,1.0155342,0.0,window,8.2413854243632,0.21927628973199925,1.2943590821391556e-07,0.0,False,,
4418926855391616000,229.06998564052103,0.05524910680448058,0.24360965,0.20460938,-0.31514939486919347,0.27057883,-2.595778158485159,0.29624015,-2.8138697110239788,0.24022858,19.195328,19.78416,18.683933,1.1002274,0.9109031,0.7551207705257482,window,10.418399117738945,0.08635773863603778,0.3942522916657704,0.5863690426226459,True,,
4418927233349113472,229.10343754458574,0.09458919552095446,0.48205894,0.33130303,0.3005692121911168,0.447835,-0.7563473572687596,0.67008305,-4.498559428467297,0.43177724,19.959204,20.519812,19.222908,1.2969036,0.93709177,0.0,window,13.303547988898341,0.013659284756877034,0.002597003694452195,0.0,False,,
4418937335111788032,228.8697071848277,0.0320686423484383,0.609452,0.6583578,0.3648801350993831,0.7570388,-3.1090816922571185,0.8676232,-3.6531278564420226,0.8757361,20.415022,20.853088,19.613182,1.2399063,1.0502161,0.47871585264584415,window,12.557534713051474,0.024617248517099795,0.04356734406095822,0.2318674740047856,False,,
4418938060961566464,228.8963251499088,0.06208823021418562,0.09232137,0.09464964,0.17263972474424974,0.12464545,-6.885410753943502,0.123163834,-4.064958219714123,0.11101727,17.790977,18.093224,17.357174,0.73604965,0.9802357,0.0,window,12.859693000718359,0.01966694662793566,0.9895694103480125,0.0,False,,
4418939705934146944,228.93350982825888,0.10372623940348673,0.6767268,0.5306334,-0.2167022501486465,0.73957986,-1.6191710034744586,0.8064565,-2.3509755587503514,0.6944468,20.30563,20.632286,19.876955,0.75533104,1.0701233,0.3578843367238754,window,13.965724324317188,0.01,0.9335714997980716,0.17597768516508341,False,,
4418939774653627136,228.9275053965225,0.10976517539099777,0.58279383,0.48699716,2.0218395885652134,0.70367444,-18.839375580193554,0.77848667,3.5831980652526894,0.6320505,20.169212,21.147017,19.108452,2.0385647,1.039766,0.0,window,14.439053073271447,0.01,4.3227809544803166e-11,0.0,False,,
4419017496381003776,229.17327560237993,0.03864711969672033,0.5300426,0.4093548,0.3460908040922717,0.51812595,-4.3113231576915165,0.7635518,1.8034621145050245,0.53339857,20.240393,21.617355,19.218565,2.3987904,0.931225,0.0,window,12.79684566356925,0.0206361504170388,9.125441311159791e-16,0.0,False,,
4419017805618384384,229.16896960380538,0.07079291600905793,0.10290992,0.08290965,0.31836970386952257,0.10808908,-3.3075868306756147,0.1327373,-2.5832836869444127,0.10437036,17.801104,18.236946,17.197021,1.0399246,0.97728896,0.0,window,14.058009233588061,0.01,0.8253710114987158,0.0,False,,
4418939980811754112,229.00172297910999,0.12780842742834347,0.7201282,0.5878086,0.4595712328839449,0.75935465,-4.202724506270873,1.0771273,-2.213840119161242,0.7757021,20.41828,20.656927,19.783726,0.8732014,1.0137423,0.33787279801228287,window,14.415429952111621,0.01,0.6355792116957044,0.1504561085164581,False,,
4418940255690543232,228.97549506646135,0.14222521208067304,0.4660139,0.38331652,0.3315463024167695,0.5573393,-6.934898789464449,0.56483316,-1.225441766166218,0.48906723,19.99175,20.103756,19.337523,0.76623344,0.95905274,0.0,window,15.481935689991856,0.01,0.9953758747553656,0.0,False,,
4419016877905447552,229.2019465271557,0.05449903016846698,0.14001133,0.120670825,-0.21557184076961441,0.15567409,-0.7345478487011163,0.18481581,-0.813049579815885,0.15483099,18.37301,18.865788,17.659369,1.206419,0.9758416,0.0,window,14.697614105818204,0.01,0.44882943028815686,0.0,False,,
4419021241592230528,229.13321669191959,0.12951915962073932,0.5926386,0.46082616,0.27435606327209344,0.5874447,0.7269666965229002,0.7945901,-6.979053659148176,0.5996308,20.352243,20.776287,19.690207,1.0860806,0.9914099,0.0,window,15.934469206379399,0.01,0.17192235436419834,0.0,False,,
4418718807175390976,228.97792248877883,-0.36724083621881304,0.6166872,0.49327233,1.0324735866567607,0.62732714,-3.394893992101885,0.9400559,-5.714728941283156,0.78451824,20.266476,20.649176,19.628168,1.0210075,0.9985019,0.0,window,15.563756123582696,0.01,0.2763038101687404,0.0,False,,
4418720525163016960,229.18974827385782,-0.28436447245058144,0.37255546,0.35739338,1.0587786946837217,0.4159551,-37.51534979662081,0.4659986,-11.229913085866492,0.4402936,19.577423,20.455387,18.539957,1.9154301,1.1060086,0.0,window,14.452466804522599,0.01,5.31660787441044e-08,0.0,False,,
4418722311868721280,229.01179002429933,-0.3182914787361303,0.106430046,0.09559471,0.1424926995535081,0.12160645,-0.519702244998494,0.13922536,-4.74806881281182,0.12307069,17.942966,18.292423,17.449295,0.8431282,1.0969313,0.0,window,12.41631519295746,0.027192382644623824,0.9908131046989053,0.0,False,,
4418722487963064960,229.00855020918564,-0.2947297299356747,0.16738155,0.1416096,0.0025011277533592106,0.19410948,-7.125094503662041,0.20689245,-10.780964874265917,0.18506637,18.596266,18.937672,17.996267,0.94140434,0.9718641,0.0,window,11.016940192716147,0.06352750557413825,0.8728706019872495,0.0,False,,
4418724236014085888,229.0297851886288,-0.26219948055674525,0.16714935,0.14537095,-0.19180302388690826,0.19142208,-0.03612536449318417,0.21145059,-0.2362824654733473,0.19127162,18.656525,18.988194,18.214523,0.7736702,0.9665219,0.0,window,9.048346049307918,0.1598848342600711,0.9998157437750834,0.0,False,,
4418724785769909504,229.07246520011108,-0.2217484951179832,0.5890705,0.6196376,-0.9249521122642611,0.69905376,-2.8987653992814817,0.8194739,-5.508869632179255,0.8336093,20.353008,20.787342,19.411888,1.375454,1.0023359,0.0,window,7.2720199848022355,0.30744602711013974,0.0067644095643011794,0.0,False,,
4418725541684162688,228.99547593685665,-0.19075274048705257,0.15413317,0.12862147,-0.12191642498041066,0.1750905,-2.9048634104492503,0.21180752,-2.814105016596062,0.1770016,18.404062,18.915636,17.799551,1.116085,0.903185,0.5550017236416332,window,5.006813881722967,0.5669559195862344,0.6022698531062327,0.6062504537617723,True,,
4418725541684162816,228.996137034416,-0.18896577454744712,0.35067132,0.30546767,-0.690212476171976,0.40027335,-3.22973997167866,0.5016349,-3.065870794858049,0.44363672,19.539345,19.954096,18.916471,1.0376244,1.0516365,0.4117309004376691,window,4.8925542834028,0.5807403295016078,0.4060310402519251,0.4570083250925813,True,,
4418725954001030272,229.0191969811688,-0.17362942075815152,0.7157997,0.58612186,0.3839531051969787,0.74196947,-4.403142560495498,1.034231,-2.665226681329759,0.8948974,20.396801,20.788551,19.976395,0.8121567,1.0777853,0.2734766758316762,window,3.7252971910476984,0.7144219961712456,0.7917478085605357,0.41156745376702897,True,,
4418727294030805888,229.1617342945904,-0.24301189402990395,0.18352914,0.16695397,0.1808679015214058,0.21265417,0.9323625291553228,0.22645588,-11.905317140154194,0.2000936,18.791616,19.859825,17.766308,2.0935173,0.96989506,0.0,window,11.51353594460928,0.04815670956707451,2.6629957394692837e-05,0.0,False,,
4418727534549921408,229.17297367821232,-0.22469019506956558,0.58570033,0.5220881,1.028368363263005,0.6500269,-5.62314599503622,0.78584516,2.8886517246609045,0.68874854,20.148321,20.806318,18.962675,1.8436432,1.1062161,0.0,window,11.322774517384522,0.05370647516918883,1.6597127552101267e-08,0.0,False,,
4418731417199441536,229.1437724199017,-0.14404139059520174,0.14192112,0.119059816,0.2226656478663211,0.15912665,-6.307657234137546,0.18839228,-13.077317665224342,0.1492777,18.242477,18.599833,17.616686,0.98314667,0.9115437,0.0,window,7.566966839060146,0.27871574430420576,0.8523342617163882,0.0,False,,
4418731554638399488,229.16187537378158,-0.12725404316856065,0.5777222,0.47629625,-0.1584270892438139,0.63041836,-0.26772461772220935,0.7367651,-2.723289766129519,0.5837152,20.174942,20.374352,19.520632,0.8537197,1.1181477,0.0,window,8.450863150990832,0.20263470997347743,0.7489577787370227,0.0,False,,
4418732001314997248,229.063013882517,-0.13378791562197145,0.33039898,0.2952931,-0.12182746310298195,0.41427892,-5.269016912641398,0.48057553,-7.130969569700053,0.46268123,19.353302,20.271217,18.470863,1.800354,0.9843846,0.0,window,2.803129444078934,0.802273883044105,2.4302309578143064e-05,0.0,False,,
4418732894668853376,229.24566997931922,-0.1119123908449592,0.16129145,0.12762338,-0.06317050025932389,0.17381448,-11.735666644363826,0.18774147,-2.088843159156111,0.15201356,18.41721,18.744843,17.919325,0.82551765,0.9376911,0.0,window,13.426186373775783,0.012241564512646793,0.9918317293694925,0.0,False,,
4418911805825515520,228.91228331894817,-0.2113024424685148,0.5172868,0.41499496,0.548695604342427,0.5830893,-0.128812479993937,0.74129224,0.3081537733712146,0.55078274,19.520912,19.400629,18.234114,1.1665154,1.344929,0.0,window,8.890604791866275,0.1705015321455537,0.1477211032583087,0.0,False,,
4418912802257950464,228.86300324969955,-0.18446452161083984,0.15479256,0.14368285,0.15423592616707493,0.17897372,-9.099432542216046,0.20267357,-3.724853023720748,0.18261516,18.503515,18.933798,17.978516,0.9552822,0.9907066,0.0,window,10.488391293150382,0.08342450777619057,0.862828256577667,0.0,False,,
4418913592531939584,228.99885720502587,-0.17586436797510827,0.4347554,0.37234676,-0.3895948743211438,0.47185647,-2.246595412659489,0.661447,-2.6951085202792036,0.5632073,19.925331,20.047466,19.62323,0.4242363,0.9616649,0.7682268303575984,window,4.096237121712283,0.6739349891001853,0.1127871130005522,0.6450856314371891,True,,
4418913729970906368,229.02067873644327,-0.16462049822447053,0.32383892,0.2603892,0.422810257244998,0.3433764,-2.3952510292359923,0.4612544,-2.121343818679939,0.34748852,19.419748,20.220306,18.704998,1.5153084,0.9326158,0.2627585201687401,window,3.182073688580318,0.7686825505005985,0.002543725988800645,0.31318688446689397,True,,
4418913798690410624,229.0077754150741,-0.14246400855898836,0.5868254,0.54287374,-0.3034725566504121,0.6734033,-3.121280302658325,0.87694114,-2.744947151860387,0.7484251,20.211693,20.441095,19.578096,0.86299896,1.1035542,0.8998584917519522,window,2.0365472251724874,0.8578818570636358,0.7107983917859766,0.8877664783022783,True,,
4418913802986244480,229.00115187777405,-0.14979018288500567,0.046294056,0.040953495,0.035521736392354966,0.053815346,-2.7236006894059064,0.062514,-2.6058902379277704,0.04876323,16.284672,16.696838,15.700301,0.9965372,1.0175093,0.9094022078764165,window,2.6077390286151774,0.8180697066175042,0.9024395382233467,0.9370014131609704,True,,
4418913901769621248,228.99335791895572,-0.14529766010923928,0.46472967,0.40593204,0.6023753782649334,0.49233007,-2.0590126339623493,0.6797158,-1.766443647076864,0.58716035,19.94288,20.585035,19.330532,1.2545033,1.0476866,0.20449872017706613,window,2.649650268882231,0.8147722455302676,0.007211196034199017,0.2722340181731444,False,,
4418913936129347840,228.96175704809875,-0.15435916620767734,0.45409384,0.38506845,0.6161257168067253,0.48206007,-2.539885770670093,0.688182,-3.310021567567305,0.5840297,20.016882,20.520239,19.533503,0.9867363,0.9958244,0.5219069900633875,window,4.427620811030968,0.6359617314274533,0.34343797131531895,0.546697140098349,True,,
4418914760763102080,228.95186818452288,-0.13154792895259365,0.54194564,0.48620117,-0.8267262878205205,0.6113664,-2.832586669079134,0.80700415,-1.9991447257689592,0.811167,20.280397,20.516449,19.799255,0.7171936,0.98499703,0.7196818036630331,window,4.369036872118099,0.6427772046683365,0.9856031399603162,0.8232168258006867,True,,
4418915001281312512,228.9456220435464,-0.10539882781620663,0.23983723,0.20386732,0.36930904314721524,0.26306736,-0.6029853988443481,0.326974,-8.774751593633452,0.28313765,19.196867,20.082315,18.432451,1.6498642,0.9733914,0.0,window,4.591767935289084,0.616670759485272,0.0013184799991939273,0.0,False,,
4418915551037016960,228.7715550816745,-0.18697154018100565,0.35882357,0.33370525,0.14901314066158494,0.40300226,3.101440205955362,0.47458926,-17.701419505755936,0.4402938,19.59548,19.978098,19.016111,0.96198654,1.0398781,0.0,window,15.686668031939417,0.01,0.6029075468664923,0.0,False,,
4418915727131608960,228.7693498714004,-0.1739181856914203,0.29443365,0.27628404,0.5289575805015041,0.33436376,-18.50902977062139,0.39848438,1.3513419353439533,0.37030092,19.467905,20.040604,18.936262,1.1043415,0.9867603,0.0,window,15.607484559664117,0.01,0.27705827811515815,0.0,False,,
4418915761491472768,228.78777163368034,-0.16044206375506057,0.58003455,0.5415037,0.5456527546908906,0.64752954,-2.8877139599514843,0.92716306,-2.200684847821676,0.9078997,20.357548,20.680227,19.76719,0.91303635,1.0370501,0.8715710502065349,window,14.350092407780016,0.01,0.5407761542697845,0.6375285561408702,True,,
4418916203872102912,228.81450411762637,-0.13833511086085806,0.55966437,0.51807535,0.7786668720402676,0.62403,-11.260488307697912,0.7807156,-1.241032071105821,0.7107379,20.23342,20.665503,19.58232,1.0831833,0.9755963,0.0,window,12.546695101590323,0.024808818986026698,0.15962884426385612,0.0,False,,
4418918368535734656,228.88750355228794,-0.06300772108293595,0.37257048,0.3128599,-0.21494793500327244,0.41181535,-8.954970701440264,0.5100776,-0.04332618791771098,0.42386428,19.738304,20.766983,18.913105,1.853878,0.94607687,0.0,window,8.574658379522871,0.1932067489634305,1.211523794070446e-08,0.0,False,,
4418919502407392384,228.85966047896719,-0.027501711338650467,0.60787666,0.52026945,-0.10608910600242002,0.65749544,-7.033324503609502,0.7917655,-7.340094066086767,0.78636044,20.319117,21.261421,19.317654,1.9437675,0.9032191,0.0,window,10.964429037894085,0.06533366952314638,4.872484392729634e-08,0.0,False,,
4418919708567118464,229.03050203157082,-0.13432824113836694,0.47934365,0.41411403,-0.1732958910719349,0.53419405,-2.3101102692233306,0.6908151,-2.7167680768198537,0.5900246,20.117506,20.389666,19.6318,0.7578659,0.924937,0.8299162006461164,window,1.4580958137184703,0.8881488313927905,0.9793134582149068,0.9289477280370362,True,,
4418919712861243264,229.03607605934977,-0.1342466092134488,0.033906367,0.029516544,-0.021923087381268982,0.038892604,-2.755603270624481,0.04460165,-2.6363833205869054,0.03522169,15.584746,16.191385,14.843626,1.3477592,1.0270839,0.9596920770518826,window,1.6030544901813635,0.8815255909393925,0.45231996894954585,0.8397077508631308,True,,
4418919777284924416,229.07097651840914,-0.1181788144232609,0.56186604,0.43380237,-0.021180680989118367,0.580633,-3.25910680838283,0.79681826,-2.8551839153530327,0.5706639,20.03356,20.379173,19.543282,0.8358917,1.0328546,0.7577984263402348,window,2.9709248989100145,0.7878673772812368,0.852361060229202,0.8450178468432442,True,,
4418919914723874560,229.01503411523606,-0.1214057112031415,0.097153984,0.08932281,0.04314677749420988,0.112199634,-2.746702967229975,0.121696465,-2.65673433565222,0.10651984,17.647587,18.09685,17.003908,1.0929413,1.0588218,0.9942191421507016,window,0.7182282374058423,0.9120072381937918,0.7741013235572103,0.940087783743066,True,,
4418920125178110592,229.03234528151626,-0.09241577584991599,0.13432446,0.123241544,0.10971580179253407,0.15949707,-6.657227272384619,0.17533423,2.047168761321315,0.15444325,18.21685,18.826876,17.418608,1.408268,1.0419788,0.0,window,1.3106092528923365,0.8942282854032401,0.2086264824225117,0.0,False,,
4418920670638211968,229.0719932272459,-0.056965740920941706,0.2544017,0.22505116,-0.2631201660729073,0.2873563,-0.70725884675576,0.33830494,-0.34796055068392256,0.29120246,19.27725,19.93814,18.59688,1.3412609,0.9809221,0.0,window,4.447382036593871,0.6336540376279454,0.0484205657517525,0.0,False,,
4418920773717376640,228.99993237012018,-0.09362807280270621,0.6839095,0.60494983,1.0705971012171132,0.7827374,-3.541003706147584,0.9610475,-2.2509809744907927,0.7986409,20.38077,20.437849,19.996693,0.4411564,0.99557155,0.6202644634430196,window,1.7029487238298326,0.8765868368927301,0.6447257097504081,0.7439129520151018,True,,
4418921117314801920,228.9764834245042,-0.06437090271389817,0.39393327,0.32862464,-0.13076077771607023,0.43123138,-2.110732397803128,0.5232634,-3.5557036698662547,0.4419159,19.636858,19.79202,18.73699,1.0550308,1.1058003,0.07023378727025578,window,3.931371578095171,0.6922272000859129,0.31608622430230343,0.1055299878435159,False,,
4418921186034295168,229.00511005202912,-0.052351646879832375,0.13476813,0.11857445,0.20097095210883148,0.14906001,-4.173662139156855,0.18169852,0.17850119321417773,0.15234804,17.998287,18.400797,17.492306,0.90849113,1.0951046,0.0,window,3.6948839049332367,0.7176290299814847,0.9517162483513137,0.0,False,,
4418922079387519360,229.14475944191474,-0.030404425519632714,0.04876889,0.045751587,0.048008848415873474,0.057082854,2.5564941638158,0.063596345,-1.3505714143211744,0.057275426,16.487524,16.911303,15.888333,1.0229692,0.99620694,0.0,window,8.835925727344982,0.17429266845079533,0.876342074554296,0.0,False,,
4418923080115615744,229.10956556624512,-0.014460143594743093,0.09931905,0.088813454,0.21951648346276606,0.11491472,-9.445193829593752,0.1262588,-4.250593055169952,0.10815675,17.792547,18.046883,17.375996,0.670887,1.0877625,0.0,window,7.85092011055884,0.25260816338957126,0.9535796497045347,0.0,False,,
4418923213259145984,229.06491861741034,-0.012197845069748844,0.48067948,0.39083672,0.9595473905914111,0.519092,4.476377189521809,0.6232584,3.5410035393263177,0.4983481,19.988451,20.846542,19.018616,1.8279266,1.0230627,0.0,window,6.498690497310792,0.3898427572449459,1.7276985305146847e-10,0.0,False,,
4418925446641914368,228.89329695948135,-0.0001991006864599798,0.21160075,0.1911518,-0.25413772735750517,0.24432907,0.39812987542647194,0.28809205,-0.4997614221086169,0.2554796,19.072563,19.520184,18.449343,1.0708408,1.0674951,0.0,window,10.208615123979122,0.09559333207149454,0.505554503165554,0.0,False,,
4418930634962333312,228.7776289292916,-0.06259575639049177,0.20144248,0.19266291,-0.2765211038227299,0.25679693,-6.961133188213498,0.25270537,-6.238626260478057,0.23204696,18.878008,19.315926,18.315067,1.0008583,0.98754096,0.0,window,14.94825621300814,0.01,0.7190830306152124,0.0,False,,
4418930772401299200,228.7987113996151,-0.05315869674748027,0.33283493,0.31322822,-0.039268328925410816,0.39038336,-0.05819211581463518,0.44319963,-5.417137304732836,0.41526943,19.749725,19.931952,19.524681,0.40727043,0.94096565,0.0,window,13.842761784362606,0.01,0.14325742351688825,0.0,False,,
4418930948495721728,228.7753990376383,-0.035087734366312046,0.11366741,0.115594424,0.2182382881792085,0.14052382,-9.102022948900963,0.14710946,-1.023748339602023,0.14011061,18.13164,18.540691,17.579634,0.96105766,0.96831495,0.0,window,15.486117478635546,0.01,0.8913954784129129,0.0,False,,
4418931047279244544,228.77981558912626,-0.021501791526283655,0.22102635,0.21647406,0.38654637712774786,0.27257288,5.023332106508686,0.29516593,-10.155238855000981,0.2739507,19.088789,19.701626,18.439016,1.2626095,1.1137936,0.0,window,15.498399160824826,0.01,0.1541690993727202,0.0,False,,
4418923488137192192,229.13302546346745,0.006734757670954098,0.2169626,0.18959512,0.21207732096315188,0.23839915,-0.5626308569287728,0.29132792,-7.4237569345316,0.24553834,19.05487,19.480968,18.441132,1.0398369,0.9551211,0.0,window,9.73996775939148,0.11875760209738029,0.5838617425254858,0.0,False,,
4418925313497864448,228.94003732786436,0.0006421116836868827,0.57805425,0.45710176,0.9290193637096171,0.6151123,-8.825139852335024,0.8172328,6.486106073550893,0.6264951,20.27204,21.216112,19.160301,2.055811,1.0188468,0.0,window,8.335415279349675,0.21169903217358846,6.257578128586049e-10,0.0,False,,
4418925549721494528,228.90547286700692,0.006028662811295758,0.091501996,0.07930843,0.2157137439108681,0.104134075,5.9388328173343785,0.11479961,-16.448112956838006,0.10210687,17.699884,17.977642,17.266165,0.7114773,0.9959527,0.0,window,9.93026794528833,0.10891595712628084,0.9792092260860661,0.0,False,,
4418925824599421440,228.97444937274187,0.02225835369096405,0.8416215,0.6797666,0.7444851430681508,0.9668878,-0.6898963729963457,1.210656,-1.9090608301274474,0.89417124,20.487366,20.705837,20.011124,0.6947136,1.1668001,0.17326325485472363,window,8.521185622697553,0.19724214993919365,0.9726852477971252,0.17475275854583566,False,,
4418930806761052928,228.81459058927254,-0.04127056948610585,0.07433842,0.068341784,0.07220661302421459,0.09298523,-15.074198020719813,0.09147985,-2.121707811875134,0.08164263,17.228996,17.52636,16.795084,0.73127556,1.0708857,0.0,window,13.134828780060813,0.01577611480756427,0.9878997431747931,0.0,False,,
4418931047279233664,228.77608888151474,-0.029500586357303533,0.3419523,0.33686817,0.25300136491991554,0.4249452,-2.948477167318526,0.4746296,-4.568432936108284,0.44025216,19.751242,20.546186,18.892885,1.6533012,0.9659666,0.0,window,15.549517215472624,0.01,4.323295541349752e-06,0.0,False,,
4418931493955863168,228.8172264465092,-0.003938528630027749,0.27226433,0.27070028,-0.4010972103872431,0.342682,-3.696929246237217,0.35399637,-1.786566358912884,0.31488517,19.434574,19.887365,18.68861,1.1987553,1.0498799,0.0,window,13.875717968801615,0.01,0.13232024225265726,0.0,False,,
4418925038620993280,229.00723101215223,0.01734685497988416,0.5430434,0.48087934,-0.5159295897062521,0.583167,-0.19840595528971786,0.7297515,-3.871091211469008,0.6472482,20.201094,20.918077,19.325928,1.5921497,0.98287505,0.0,window,7.786712481551337,0.25837549243456204,4.028799338602758e-05,0.0,False,,
4418926030758229632,228.92553245138274,0.035281010432360704,0.6946308,0.8845609,-0.1107751293708294,0.8336355,-0.5238023953303652,1.1173987,-6.134896841891387,1.2774754,20.22753,21.32879,19.040869,2.287922,1.0302596,0.0,window,10.540328339783887,0.08129468926116719,4.018455409694384e-14,0.0,False,,
4418926168196844800,228.94193716841806,0.0516191540992195,0.23320863,0.21413384,0.6818423480616893,0.2834066,-4.341794040862778,0.3061285,-3.9079609431834155,0.26516032,19.239357,19.785725,18.635836,1.149889,1.0010356,0.0,window,10.905240978010662,0.0674131085035178,0.275534714371218,0.0,False,,
4418926339995504512,229.04866609007692,0.0277150799413225,0.64917284,0.5438329,-0.503222654215083,0.6868162,-1.1183130197333888,0.8869139,-2.6830769312849223,0.7600154,20.427488,20.753658,20.256731,0.49692726,1.0004807,0.1957191293058955,window,8.511780336249368,0.19795774189955478,0.8235191116322454,0.18991741000991602,False,,
4418926511794191232,229.02655923320074,0.024049544164159088,0.48176292,0.39176723,0.16395410303155197,0.5266396,-2.5350834554573423,0.6386821,-1.730590649918887,0.49809867,20.135956,20.344748,19.60191,0.7428379,0.8977238,0.1831792953817197,window,8.143772217650413,0.22732722729741706,0.9896496422834148,0.19381247705143517,False,,
4418927714385108992,228.9805871400164,0.08380963678575451,0.17068914,0.16138221,0.06753236422486229,0.20381957,-18.238369407842942,0.21626692,-32.86965883578219,0.1898244,18.708496,19.191767,18.028734,1.1630325,0.9845154,0.0,window,11.983739794606366,0.036211717899345665,0.43044949031043694,0.0,False,,
4418931493956224128,228.80656277303913,0.001014257083318146,0.3807779,0.37017074,0.10157700351765261,0.45094976,-4.636203955969507,0.54226387,-0.5851909863822019,0.5136818,19.933092,20.542667,19.170454,1.3722134,1.004199,0.0,window,14.580360031524389,0.01,0.0005863647036009386,0.0,False,,
4418938228465059840,228.91883246407556,0.09319125347887318,0.33242413,0.30422717,0.2727234051394312,0.3989413,-1.1938927961459336,0.44740444,-0.48627586418380603,0.38101166,19.716568,20.24637,19.070154,1.1762161,0.94680244,0.0,window,13.755886121206773,0.01,0.07783598191433744,0.0,False,,
4418938503342939264,228.85550745361684,0.0686055702138821,0.465195,0.46247357,0.19050229241683828,0.54199237,0.0006959617727144966,0.6590148,0.3388991887652201,0.63707066,20.022123,20.638609,19.559113,1.0794964,1.0854824,0.0,window,14.716572942113869,0.01,0.13038901919041362,0.0,False,,
4419016534308992000,229.238328248408,0.03296412168589669,0.6718722,0.5246593,0.2135567207607757,0.7206605,-4.2194883114758674,0.8823313,-1.6229507567488264,0.68776554,20.398325,21.237226,19.355427,1.8817997,0.9934908,0.08149223006690426,window,15.61612177853614,0.01,9.333963725280478e-07,0.023714308433942025,False,,
4418719082053306368,229.05182366500853,-0.3450560452193606,0.066461295,0.05684953,0.13552437708342396,0.074167475,-2.889619808970983,0.08358617,-2.6713539663503285,0.06973495,17.086151,17.585653,16.440077,1.1455765,1.0581434,0.4676255066521434,window,14.121959161800438,0.01,0.7288403283643696,0.2377370383440875,False,,
4418719975406512128,229.13385379073927,-0.31766954458852253,0.6197317,0.5191195,-0.48539913004535634,0.7256323,-0.5127417302471878,0.7815615,-6.03934903006102,0.688087,20.3263,20.808802,19.882132,0.9266701,0.99069726,0.0,window,14.07102481343583,0.01,0.5077156697051223,0.0,False,,
4418721109278074112,229.0834488035347,-0.2781007147623139,0.7846695,0.9903644,0.4496793298824399,1.0201331,-7.112453678022117,1.3603381,-3.054554043011561,1.2693597,20.440155,20.9114,19.332027,1.5793724,1.0287564,0.0,window,10.650756963650679,0.07689637614805736,0.000512571780716822,0.0,False,,
4418721384155802752,229.13812911193673,-0.2573340958230891,0.39708975,0.37009335,-0.36662248317897456,0.47778872,-2.5573333770577644,0.49605066,-3.086917467406531,0.43612242,19.8503,20.502098,19.267746,1.2343521,1.0112373,0.5907961593226023,window,11.184421970814709,0.058004358661946316,0.018818423321918524,0.35165474770079946,True,,
4418722930344015744,228.91223007624058,-0.30469982292948505,0.47316578,0.45621443,-0.7640696184558565,0.5755272,-13.153287100802793,0.6448855,-1.7483473152772078,0.6823539,20.036312,20.70392,19.249947,1.4539738,0.98700637,0.0,window,13.3241869314168,0.013413711163265821,0.00013343747348469238,0.0,False,,
4418723170862185728,228.8859139765009,-0.2969686998582872,0.33258054,0.2943447,0.7431361265673025,0.37238693,-0.3487290883953694,0.47800013,-5.5548855140528435,0.37645638,19.382694,19.98234,18.66392,1.3184204,1.0544733,0.0,window,13.79395737060371,0.01,0.04429729326416468,0.0,False,,
4418723583179057792,228.9641154887956,-0.2587836521640915,0.74390596,0.59778005,0.006900561041715915,0.7795639,-3.4183396936204957,1.1719929,-4.06916145061595,0.96217275,20.499197,20.83804,19.900888,0.93715096,1.0863348,0.28901041711967373,window,9.487224689741026,0.13278984131920457,0.4713384301951868,0.22675587856612062,False,,
4418724957568602752,229.0767091680491,-0.21281203681510838,0.6233511,0.5397215,-1.1982997236495863,0.6999966,-2.6081979858349134,0.81182426,-3.6329543030780873,0.7245593,20.36072,20.870062,19.966408,0.9036541,0.92681026,0.40382817584928404,window,6.905973909995516,0.3452554578735701,0.565319880098994,0.4110440287289636,True,,
4418726508051651968,229.20041198774038,-0.2555672072039387,0.48575455,0.3835075,1.4708377237155115,0.524036,-25.502790008763476,0.61289084,-1.3849758634956277,0.47970074,20.043455,21.208424,18.871456,2.3369675,0.9571587,0.0,window,13.759893757970447,0.01,7.281969017866938e-20,0.0,False,,
4418730626925440384,229.1277659264074,-0.19015678047309525,0.7597527,0.64111376,-0.8579052471034505,0.79999876,-4.117553725770691,0.9979823,-3.3125244705657857,0.8207625,20.409992,20.750265,20.228922,0.52134323,0.97677845,0.27968208410227025,window,7.909702308179346,0.24739863196481393,0.8617121045527917,0.29092095513810345,False,,
4418731932595515136,229.0861704806356,-0.1493210894149571,0.4754417,0.39909828,0.4839352732503185,0.5555745,-2.1832753977497372,0.70731604,-1.3046398872723979,0.6407934,19.919874,20.07832,19.660728,0.4175911,0.92387235,0.08566694398461097,window,4.471332524790767,0.6308514557959564,0.10499277457433957,0.1084427803119761,False,,
4418732379272122880,229.14376161231922,-0.11325392793032678,0.28443968,0.23494391,0.457576725191754,0.30416718,-0.7106150477289945,0.38523498,-0.7950876466457156,0.29728025,19.333162,19.860262,18.594297,1.2659645,0.96206087,0.0,window,7.312356261897589,0.3034227027133343,0.08890521580048523,0.0,False,,
4418732688509771776,229.13065818226488,-0.07606306271782239,0.3292236,0.28767398,0.31058922323700944,0.38568816,-4.017629048351878,0.4541252,-4.014447795161846,0.38357314,19.588177,19.86215,19.266546,0.59560394,0.9438379,0.0,window,6.864999379804637,0.3496272050215489,0.6955820220428963,0.0,False,,
4418734784454728320,229.2187113847525,-0.03297539148042021,0.8828368,0.7140014,-0.967892281178792,0.80663,0.42656505012387225,1.4113053,-3.1600527772952316,0.98151296,20.425638,21.146606,19.23807,1.9085369,1.0910108,0.0727806176744417,window,12.716094203908622,0.021927304200126816,7.851538746995896e-07,0.02653910170536961,False,,
4418887410412671360,228.8374900460137,-0.2992949357251425,0.5917959,0.48757777,-0.22166184418115187,0.63291264,-8.904740084519805,1.0111123,-0.2492505980338825,0.91162795,20.327494,20.576786,19.75882,0.81796646,0.9652781,0.0,window,15.787673914420369,0.01,0.7978947414590558,0.0,False,,
4418910878112533888,228.878733877924,-0.2716354176015713,0.5364141,0.4688076,0.2427278318182448,0.59218764,-1.4994441906156804,0.7537867,-3.7038927764475575,0.6055999,19.993496,20.624817,19.01951,1.6053066,1.0189998,0.0625150490744723,window,12.883635522998365,0.019305790345403237,8.102181054035331e-07,0.0218337113364737,False,,
4418910951128053760,228.8657203115654,-0.26970280451363116,0.040027168,0.035415336,0.12974863807937742,0.04626566,-4.292584413502182,0.054740205,-6.702858642616578,0.04482011,15.901525,16.429771,15.224642,1.2051296,1.0393623,0.0,window,13.334114053917247,0.013296609255981246,0.6476375607782309,0.0,False,,
4418911840185608576,228.92309209186854,-0.20857073979590998,0.5405785,0.48906493,0.4418340957650737,0.58652544,4.979556123527409,0.88316876,-11.861764069449917,0.8040686,20.241055,21.713802,19.198584,2.5152187,0.98181504,0.0,window,8.306542250942723,0.2140071277688191,7.189591801540668e-18,0.0,False,,
4418913764330666752,229.03180424608502,-0.14577393644308678,0.7178736,0.574107,-1.0573444064036093,0.76649106,-1.680113394562607,0.9954798,-1.5221833542603902,0.7598208,20.407282,20.679195,20.08858,0.5906162,1.0068586,0.1937606595466385,window,2.134812858622824,0.8517260968619832,0.9681244609735634,0.3835346779249441,True,,
4418913798690734464,229.01316553305446,-0.14544373712154607,0.7043548,0.6229849,-0.08468193692789848,0.77705914,-0.7197437660249706,1.0320901,-3.7748929723851212,0.8193754,20.301052,20.5645,20.05821,0.50629044,1.054344,0.06073792018111565,window,2.0971602219794483,0.854119346180392,0.7343319443878001,0.13569906865680595,False,,
4418913970489109504,228.981926720354,-0.13787233468184826,0.537942,0.44659027,0.22152694367613782,0.5890434,-3.3694286523757473,0.73613745,-0.5159243808024708,0.68536365,20.305809,20.452213,19.743706,0.70850754,0.93753505,0.0,window,2.870040650502025,0.7966205240527184,0.9880595908475922,0.0,False,,
4418914004848842880,228.99739628337178,-0.14124330544635433,0.110933945,0.09765926,0.3291125868779917,0.12679009,5.639530245319146,0.15177739,-5.041309854927703,0.1225002,17.923662,18.431324,17.253311,1.1780128,1.0376321,0.0,window,2.3075873700270746,0.8401976271387084,0.6024656287947757,0.0,False,,
4418914004848851712,228.99611739491567,-0.13482798095508983,0.17891362,0.18159471,0.21836274792085128,0.21833093,-2.3579254853668643,0.24432805,-2.9781046095713344,0.22917306,18.770294,19.14584,18.187181,0.9586582,0.98146075,0.15989447054524683,window,2.082163655443095,0.855060610354449,0.8219612531577946,0.3195052608794144,True,,
4418914009144989440,229.00012066000272,-0.13829005738990335,0.5241291,0.4537215,0.810739246319945,0.58569854,-4.840023403757026,0.76710075,-3.1489066187946704,0.6466747,20.217165,20.572067,19.914108,0.657959,0.9855983,0.01820925125685186,window,2.0669081384023005,0.8560111408146978,0.9819953661944487,0.046635288944104424,False,,
4418914039208592640,229.00591297260092,-0.13330146151015107,0.54564506,0.47170234,-0.3060393415832429,0.61658925,-2.0944883829914467,0.8244192,-2.9099655974173544,0.6806324,20.27224,20.644365,19.769136,0.8752289,0.9631447,0.6962652497114231,window,1.6172615822685255,0.8808418416678157,0.660073484227559,0.7893448901423844,True,,
4418914043503869952,229.02000682327937,-0.12971019187823718,0.63754916,0.5497995,-0.277467730415226,0.7088899,-1.9877892295387287,0.924024,-2.2474196103022126,0.7950526,20.462471,20.469965,19.986906,0.48305893,0.9914618,0.6391710049756238,window,1.092532542175151,0.9020042504771681,0.8200150717158784,0.8037623652194745,True,,
4418914657683909120,228.90458495973755,-0.11836434551855209,0.2851984,0.2400249,-0.050618941387406184,0.31659877,-3.4369905044228455,0.3815044,2.605706278188707,0.313905,19.183764,20.047686,18.340994,1.7066917,1.1523125,0.0,window,7.050580272556475,0.3300459364460401,0.0005978201182273392,0.0,False,,
4418915001281302528,228.93679937457696,-0.11145866023681342,0.35122707,0.29649684,-0.363292254943954,0.3796434,-1.9588186137777903,0.4899248,-8.395295332027146,0.42584637,19.73802,20.326448,19.258722,1.0677261,0.96917665,0.0,window,5.106034881900355,0.5549496271501324,0.238951709160106,0.0,False,,
4418917097225335552,228.7849381681585,-0.11596006419042833,0.27334082,0.25625113,0.6428932655844776,0.3111408,5.585919363553398,0.35395008,-7.06403804128679,0.30996156,19.269817,20.60261,18.130676,2.4719334,0.9211132,0.0,window,14.220089478212229,0.01,2.7206135282405363e-12,0.0,False,,
4418918677773343104,228.8400565666671,-0.08865537243043177,0.45726603,0.40727925,-0.13812479971118136,0.49157462,1.4211117144567784,0.6391545,-0.25255863615690516,0.5858168,19.995064,20.288992,19.3786,0.91039276,0.9919178,0.0,window,10.997095663070013,0.06420582978280509,0.6111735117709438,0.0,False,,
4418919468047656192,228.84402524382003,-0.022405207904130555,0.4727412,0.39961332,-0.37637853235850305,0.55508804,1.182700013426622,0.6241779,-16.522756339935995,0.5056965,19.96011,21.577477,19.07705,2.5004272,1.076455,0.0,window,11.939098426342056,0.037245617213504424,8.72881039839136e-28,0.0,False,,
4418919674205691648,229.05650225018246,-0.12903372054942888,0.5664114,0.47621197,0.6160663274001072,0.62111616,-3.8713453238228412,0.80768585,-3.3063394279864498,0.665123,20.310194,20.709854,19.796705,0.9131489,0.98563516,0.23370566256140604,window,2.3247547902366557,0.8390033930352432,0.5462996369788016,0.3844397185392563,True,,
4418919914724280064,229.02308709731537,-0.1276614240128425,0.8928088,0.7222832,-1.1300629290830277,0.775901,-5.579669544578833,1.3605443,-2.9069583551556697,1.0017581,20.371113,20.501604,19.912704,0.5888996,0.9380278,0.1093435323838964,window,0.9663139912247082,0.9058472835277247,0.9538426266002723,0.2700204590673763,False,,
4418920189601803008,229.0824201197099,-0.10695828949339439,0.6205238,0.48965722,-0.9365019834215134,0.6343172,-3.162883638839186,0.8391226,-2.373801032284141,0.62440777,20.095364,20.391064,19.419546,0.97151756,1.0450132,0.7950354892949093,window,3.6418648098668607,0.7231752794798033,0.3915729206278331,0.7417831836900185,True,,
4418920567558981760,229.06709427755717,-0.06889267932161104,0.54232967,0.5235449,0.24003862406577875,0.61082125,-1.6723497664706946,0.7448849,-2.7053112423630994,0.7059862,20.192406,20.326563,19.910442,0.41612053,1.0828583,0.3705456015119683,window,3.730837542931766,0.7138358013916082,0.347190154951446,0.4480393524192444,True,,
4418920743653534208,229.00555270060897,-0.09969088266061547,0.69760233,0.6690903,-0.29870920977580445,0.86138374,-1.1014075675824047,0.94080067,-3.6091418422156405,0.8527138,20.285107,20.337374,19.758808,0.5785656,1.1425694,0.12240894744326575,window,1.213514290641085,0.8978687020070502,0.8931814633256073,0.2856654424526169,False,,
4418920808077114368,228.98935650534338,-0.09415980043965187,0.54977965,0.46393025,-0.7845283640540271,0.60514796,-1.379824202010192,0.78050095,-3.984093724200364,0.6650281,20.229183,20.310692,19.560293,0.75039864,0.9504991,0.032452682597645804,window,2.215321221352789,0.8464654946863722,0.9614373620879371,0.07917373054277299,False,,
4418920812373011200,228.9880177716822,-0.0907497446113097,0.5701954,0.559678,-0.020852535348300408,0.6562898,-2.063560338679027,0.8136728,-3.2283337020655907,0.8026589,20.321732,20.72004,19.98788,0.73215866,1.0345916,0.5584910426903505,window,2.387015518300068,0.8345989802915267,0.9620503056168725,0.7541472370157296,True,,
4418920945516089472,229.01249770216157,-0.07905742693746708,0.16806467,0.14738728,0.3113321215911487,0.19020267,-2.3658714585783844,0.22157475,-2.736125290032347,0.18892147,18.601213,19.06142,18.00352,1.0579014,0.97304845,0.30251237445166634,window,2.0324170218772144,0.8581341823604712,0.6664830351499097,0.4893033897589865,True,,
4418921186034294016,229.01221732396093,-0.052306945714651526,0.2649289,0.22688775,0.8005608224020379,0.28948286,8.493407123447504,0.34811133,-0.6953004608777927,0.2987272,19.172703,21.008207,18.0084,2.9998074,0.9975547,0.0,window,3.604706995839844,0.7270278505890903,8.021569556460644e-19,0.0,False,,
4418828861417624320,229.25364534433785,0.016449056655453886,0.3567345,0.29203448,0.21090507660377034,0.37379283,-5.355331481110675,0.468406,-2.8370634538335664,0.36202115,19.784863,20.397804,19.07114,1.326664,0.948688,0.0,window,15.886099030462088,0.01,0.00559248813505117,0.0,False,,
4418925481002013952,228.8807323765891,0.004097800865564429,0.40667105,0.37654024,0.8566314425635331,0.4635054,-5.0851349257554155,0.5750951,-3.860376694533109,0.5322254,19.96059,20.559315,19.184229,1.3750858,1.0084388,0.0,window,10.951307333335548,0.06579066154996364,0.0004008651021278787,0.0,False,,
4418926992830585856,229.0945559384555,0.06807608219997442,0.08792997,0.077985354,0.24151510596221043,0.09999402,-15.083521268685683,0.10926112,-1.4758255680687429,0.09654243,17.495678,17.80375,17.006336,0.7974129,1.0686284,0.0,window,11.62860677676478,0.04501172667607419,0.9999957583894663,0.0,False,,
4418928023622771456,229.06488674443852,0.10042694080536607,0.35958925,0.3177068,0.674311202071035,0.40865442,-4.7683042082411236,0.46678948,-0.4719097161280236,0.40915093,19.863304,20.41234,19.130148,1.2821922,0.9931937,0.0,window,12.980438996081222,0.01789014840732422,0.0074283065291348436,0.0,False,,
4418939637214359424,228.96744772482694,0.11612754548244554,0.12008251,0.107528545,0.2723399033938029,0.14708853,3.047486064395412,0.14746884,-14.44809015061427,0.12788558,18.096611,18.38325,17.617306,0.7659435,1.0317166,0.0,window,14.048827224301085,0.01,0.9980481966575505,0.0,False,,
4419020932354579200,229.14459982142174,0.1001100102839172,0.24977227,0.19994903,0.4623968028474696,0.25388852,-26.17819014417546,0.33304882,1.7295598965538734,0.2598691,19.207777,19.96718,18.4951,1.4720802,0.9940041,0.0,window,14.681782693162711,0.01,0.014036376266875658,0.0,False,,
4419021142807849344,229.0985751891368,0.10547614897977725,0.465793,0.3744033,-0.3188642251343765,0.4963075,-7.04554943500851,0.58229375,-3.443024268908897,0.473335,20.115036,21.01526,19.655077,1.3601837,0.9928344,0.0,window,13.813182848642748,0.01,0.002241156162189339,0.0,False,,
4418940118251673344,229.01296829300276,0.14131258637148936,0.4392628,0.39285704,0.25187953692408643,0.5100871,10.829700344576478,0.57588613,-41.060564157224015,0.4964752,19.97104,20.829527,18.836988,1.9925385,1.0774214,0.0,window,15.184214999677609,0.01,3.9830714157779764e-14,0.0,False,,
4419021069793797504,229.10606602038933,0.10002176679942779,0.53504354,0.35186467,0.6868164803321428,0.49096727,-1.8374808444016306,0.6188793,-10.056877194695572,0.44024044,20.010424,20.606688,19.291021,1.3156662,0.93683386,0.0,window,13.664684096811609,0.01,0.0024875004607561877,0.0,False,,
4419021894427257728,229.09467355598295,0.12123813317412176,0.3476383,0.29593167,0.6516284777608974,0.3884509,-1.5248420322835732,0.44056302,-0.5202144539050798,0.36488783,19.777246,20.767952,18.815193,1.9527588,1.067608,0.0,window,14.636749633207387,0.01,1.2712413927566263e-10,0.0,False,,
4418923831734615552,229.1054493949451,0.03638782810693846,0.13220024,0.10941959,0.25985690796606137,0.14164744,-2.091606849677515,0.16830519,-0.11649055948667413,0.13893439,18.15013,18.647955,17.568432,1.0795231,0.9708189,0.0,window,10.196623943706859,0.09614177183790522,0.7182483708915435,0.0,False,,
4418924759447891200,229.0349655025236,0.004608461152279196,0.79560417,0.602417,2.511123323029263,0.8920777,-12.372947669282683,1.026231,-6.267241492778262,0.7770827,20.445604,21.670443,19.236458,2.4339848,1.0763834,0.0,window,7.016438366219717,0.3336056106953936,1.1175502435882914e-12,0.0,False,,
4418925687160449664,228.9565569923839,0.0073156706199066545,0.10325708,0.09158891,0.1613936998898051,0.12007445,-10.17565581292602,0.1317148,-7.70924438998443,0.11047563,17.876026,18.262772,17.378544,0.88422775,0.9523401,0.0,window,8.141146417579552,0.22754639890349734,0.9725339245999516,0.0,False,,
4418926202556593408,228.95316208741733,0.06086194903253375,0.63345915,0.61081535,0.3908905137986853,0.7237054,-5.59878277265741,0.87993985,-2.311517026802659,0.85163236,20.450203,20.736288,19.915215,0.82107353,1.0318109,0.0,window,11.13933676808312,0.059456105252018006,0.7567447673691412,0.0,False,,
4418927168923557248,229.0753509373571,0.08393847310436228,0.33668885,0.24571408,-0.44784239040353596,0.3448313,-10.086909405631987,0.37905318,-2.084584808566982,0.2948047,19.515398,20.130997,19.490955,0.64004135,0.8990921,0.0,window,12.162739444107812,0.03226454477586912,0.8310766737932429,0.0,False,,
4418927783104594688,229.01694821118264,0.09264121413931345,0.57693064,0.48722255,-0.4922765083141137,0.63968015,-1.9666869115981451,0.74588567,-2.1890280987681856,0.64438367,20.37851,20.95149,19.588104,1.3633862,0.9326151,0.463659127043986,window,12.258073960506097,0.030288057967682365,0.00889897051566134,0.22852703629443485,False,,
4418928023622768768,229.065949933316,0.09660847245799152,0.1829471,0.15524335,0.4325266359582777,0.20101911,-7.78659981198281,0.24183701,-2.6268564264861114,0.1978632,18.59835,18.982252,18.184433,0.79781914,1.0766916,0.0,window,12.76903152790202,0.0210750023463763,0.9984112346528589,0.0,False,,
4418931665754944512,228.81907187053474,0.022085406517229195,0.284923,0.25830513,-0.3394408247017166,0.33092365,-2.815196696236746,0.389971,-2.7386099233120866,0.33433083,19.535378,19.918104,18.987505,0.9305992,0.9645456,0.9495327896034547,window,14.575293307090673,0.01,0.7181566629905632,0.8159799574683414,True,,
4418937648644132608,228.8654811382025,0.05055083300239705,0.5111445,0.45604298,1.2173023747464413,0.56871384,18.990747222176378,0.7965067,-24.06583598386547,0.7045751,20.26526,21.178598,18.992481,2.1861172,0.9513487,0.0,window,13.51794276223224,0.011244779881532826,7.303584631499857e-12,0.0,False,,
4418939053098803072,228.89159406161323,0.11221158193889957,0.14406157,0.12758984,0.18252721971307223,0.17127062,-6.428012963526768,0.17705886,-3.929173368650209,0.15156762,18.38815,18.679571,18.001915,0.6776562,0.9976792,0.0,window,15.538864518781256,0.01,0.9500516182385816,0.0,False,,
4418939637214347776,228.965844587446,0.10689890627642766,0.53261817,0.48284325,-1.4223159888322303,0.6228972,-2.778675904526078,0.7312819,-3.1721127953345913,0.6451034,20.344004,20.709665,20.134594,0.57507133,0.9749451,0.7282368321609847,window,13.534485207721618,0.011070753233082535,0.9212058310352046,0.509102220232268,True,,
4418939637214359552,228.96083163208164,0.11699078508471655,0.61931026,0.5787736,0.5879661408981764,0.7184935,-1.2729674529360078,0.891177,-3.9821053277091525,0.7909787,20.322218,20.76459,19.701647,1.0629425,1.218728,0.06671196818244261,window,14.196446117741111,0.01,0.2037386469117562,0.02109943347382849,False,,
4418939843372796160,228.95710595906647,0.12353929015335466,0.3405558,0.30465648,0.8827416209257861,0.40044463,-5.885361024119473,0.45975393,-3.0396145431909605,0.38373998,19.74596,20.166647,19.169064,0.9975834,1.0113887,0.0,window,14.634187893828384,0.01,0.4231354147016314,0.0,False,,
4418940255689675520,228.97478016373478,0.141745977536161,0.31981078,0.27001718,-0.02559209936042537,0.39428365,-9.809006576947525,0.40986073,-1.109575925202636,0.34582493,19.466066,19.79679,18.922895,0.87389374,0.9859618,0.0,window,15.461437111984752,0.01,0.8779850930759766,0.0,False,,
4419021997506475648,229.08178843855097,0.13590524709462398,0.5295227,0.4880468,-0.06056354782010006,0.62063175,-2.7506770680767203,0.69925445,-2.8171878172545606,0.59634715,20.285564,20.527061,19.833649,0.6934128,1.0222607,0.9638251299577847,window,15.278862905835286,0.01,0.9979598973518918,0.9119744028212399,True,,
4418926614873439488,229.02427089150697,0.04826323022181926,0.12944202,0.119916506,0.37608993185382317,0.1612577,-3.542491271406716,0.17000228,-8.667700304374742,0.14870849,18.145422,18.935814,17.398083,1.5377312,1.064212,0.0,window,9.5928486142438,0.12678969277152088,0.11298032496365779,0.0,False,,
4418926992830589056,229.09874091822186,0.07207754943061534,0.41409788,0.33609995,0.05419012906569634,0.4423291,-19.209692610077926,0.5233666,-7.57091155603587,0.43266064,19.894852,20.4107,19.037235,1.3734646,1.0178661,0.0,window,11.946171240912857,0.037080465215522676,0.0008490861332101982,0.0,False,,
4418927336427938560,229.00401195377742,0.04384844863974716,0.20188384,0.15373927,0.5205328903629761,0.20616195,-9.112110227697302,0.27934155,-2.111500725332301,0.18795317,18.636597,19.528566,17.716955,1.8116112,0.9371643,0.0,window,9.388456966163119,0.138580372655171,0.003164971260202483,0.0,False,,
4418928367220190208,229.02387217212706,0.13110970429024493,0.21669531,0.18614994,0.7534803759379332,0.25011724,-13.3361538447454,0.26257274,-4.117112035430607,0.2183059,18.97115,19.316572,18.469828,0.84674454,1.037594,0.0,window,14.563063002585785,0.01,0.9637419148158616,0.0,False,,
4418939018739054080,228.89272307645209,0.10453215496312937,0.2696804,0.21705599,0.07462148471005497,0.28883454,-14.315291775838215,0.3446354,-10.300729814789982,0.26644656,19.120306,19.523472,18.497871,1.0256004,1.0537429,0.0,window,15.10758093293326,0.01,0.5973452999277581,0.0,False,,
4419016774826232064,229.1925909527491,0.048111479231637784,0.30121723,0.2709661,0.8065176716985251,0.32853758,2.2814674520347427,0.39156345,8.926212243096773,0.33839288,19.312685,20.311138,18.32418,1.9869576,1.143331,0.0,window,14.025511423334178,0.01,6.712804446315823e-07,0.0,False,,
4418932524748425728,228.80190385580516,0.03868500045868779,0.44402838,0.396515,0.18473747635191806,0.52282995,-2.0605583771804628,0.6748018,-18.92987610297659,0.57256335,19.942951,20.3373,19.467638,0.86966133,0.96199936,0.0,window,15.985659959585998,0.01,0.779699333251695,0.0,False,,
4418939023034325632,228.89005643465876,0.10032826408015477,0.5134547,0.4307371,1.6515748280169538,0.5862322,12.278450671641913,0.64397746,-29.650166971222014,0.5761928,20.120955,21.140259,18.963861,2.1763973,0.99887407,0.0,window,14.975529907296611,0.01,2.4778986284331735e-14,0.0,False,,
4419017805618650112,229.16710290421193,0.0730011275372325,0.7905583,0.58422154,0.5251660180000005,0.75474775,-18.95329781278108,0.97279036,0.07038351818669213,0.7204976,20.446606,21.278637,19.34626,1.9323769,1.115847,0.0,window,14.091875917855232,0.01,6.416381061205855e-07,0.0,False,,
4419017839978123008,229.1346162561498,0.07502254464830849,0.09054096,0.07404312,0.21021361052409723,0.09660771,-5.763669336156824,0.116076834,-12.026818372103463,0.09513709,17.460434,17.788357,16.984947,0.8034096,0.9804837,0.0,window,13.081222012248192,0.016490527111166983,0.9999538269095196,0.0,False,,
4419017874337861760,229.1529184330834,0.07988445388293268,0.50869703,0.39420548,0.5939679212382,0.4973224,2.0860827701510276,0.67525685,-8.560623800809111,0.4988861,20.182024,20.462286,19.644901,0.8173847,1.0161381,0.0,window,13.921042300830994,0.01,0.8462681776439451,0.0,False,,
4418931081639224960,228.79527603629754,-0.02212355916574204,0.57339984,0.6102576,0.4265521598806804,0.727597,21.579553226012212,0.8331156,-41.1109075262737,0.8300145,20.359732,21.215244,19.23051,1.9847336,0.99525714,0.0,window,14.618869120039507,0.01,3.87085250408991e-08,0.0,False,,
4418922800942427136,229.17639220588615,0.008102684869659423,0.18785115,0.15762496,-0.0760370626483107,0.20247525,-2.668284034526854,0.24613602,-6.124411109735943,0.20067564,18.846535,19.335115,18.350496,0.98461914,1.0285465,0.0,window,11.726352459951766,0.04245580011705406,0.7592313808767206,0.0,False,,
4418923419417731584,229.07525521045048,0.01883661957973445,0.47268903,0.38560146,0.32863580678679594,0.495002,-6.792184377514747,0.66215336,-2.232522071216318,0.52600867,19.915604,20.515938,19.463123,1.0528145,1.0759785,0.0,window,8.45563278965316,0.20226588019953057,0.18867416316851965,0.0,False,,
4418923522496956800,229.14067452481547,0.02608008191645773,0.15823212,0.12907754,0.32235519561773784,0.1666346,3.0062701267103114,0.19920424,-12.774596439546357,0.16034804,18.529509,18.94249,17.961111,0.98137856,0.9176455,0.0,window,10.909963384365438,0.067245485556643,0.8189008586806097,0.0,False,,
4418925790239694464,228.96111492458112,0.030721882424354283,0.5038074,0.45201072,-0.23369638716895003,0.5877322,-2.541635111899378,0.6710534,-1.9398905953972947,0.599135,20.230198,20.44438,19.665487,0.7788925,1.0646574,0.4821005860232409,window,9.285536416065037,0.14480212047209395,0.9150120093077011,0.4490782965372122,True,,
4418926786672123264,229.09105466120542,0.0429313817044945,0.43574965,0.35152,-0.32839914159471095,0.4556396,-9.985889926932305,0.5905228,-0.4344894821382605,0.46359828,19.934826,20.276196,19.410677,0.86551857,0.97801936,0.0,window,10.15796579219049,0.09792527183590956,0.7965274606981281,0.0,False,,
4418927920543547776,229.0578229445043,0.091659685862771,0.38086477,0.31138524,-0.8418922402549187,0.41157794,-0.9716296804526723,0.4863695,-3.106716438818877,0.37821662,19.875513,20.285725,19.59423,0.691494,0.9699506,0.0,window,12.384580356032199,0.027795102040504997,0.9195545769051139,0.0,False,,
4418938468983197312,228.83735673511538,0.06655632401908021,0.32204798,0.29223943,1.0576720717260524,0.37327322,-12.108035853117663,0.44712356,-11.585236989120316,0.40218893,19.699158,20.665651,18.722328,1.9433231,1.0347344,0.0,window,15.390410894791481,0.01,1.5001133263098239e-09,0.0,False,,
4419016431229404032,229.2255436793084,0.02056931191187336,0.21763529,0.18951403,-0.5005314930809195,0.24417207,-16.960134244714737,0.2949937,4.806297963644131,0.24458489,19.087435,19.98448,18.330784,1.6536961,0.9467465,0.0,window,14.566452693633638,0.01,0.002394556097211571,0.0,False,,
4419021275951969792,229.11737899086685,0.13579720436770323,0.20851003,0.1748516,0.4804326910298955,0.22984871,-12.364981612194633,0.26176977,-10.784911705597233,0.2133751,19.084562,20.248104,18.06007,2.188034,0.9867793,0.0,window,15.910929810174038,0.01,1.801810731180723e-07,0.0,False,,
4419017599461870592,229.17408491179026,0.0710108656275176,0.76853484,0.6751868,0.26285276680656683,0.8009873,-7.542632599734148,1.0039097,-5.908167882450869,0.84393114,20.452286,20.90258,19.93587,0.96671104,1.125401,0.0,window,14.262706472386665,0.01,0.4034988303118238,0.0,False,,
4418718875894871168,229.01170203115373,-0.3571955149483379,0.27374923,0.23288949,0.9480258488790728,0.30618185,-2.614240946618867,0.34965444,-2.927104983655352,0.3021988,19.336096,20.379812,18.339375,2.0404377,1.0188818,0.6578902093454252,window,14.748429017775985,0.01,1.2942788416433862e-07,0.30353766478392047,True,,
4418719734888338432,229.14862139655423,-0.3346706808215914,0.48543286,0.41989055,1.4438038366065928,0.5418249,-4.271120423296984,0.5844828,-0.11915667226208752,0.53626513,19.8778,20.812025,18.71363,2.0983944,1.1758001,0.0,window,15.393102618683349,0.01,5.615925283535877e-15,0.0,False,,
4418722346228459392,228.9899840226516,-0.3184152735605374,0.25564086,0.23239946,0.717925240523766,0.3069465,-3.657947127342376,0.32758522,-6.260220559260091,0.31093585,19.38142,19.726402,18.892265,0.83413696,1.0144904,0.0,window,12.555805798295106,0.02464773702132768,0.9554528938340848,0.0,False,,
4418724717050610944,229.11773924107453,-0.21503893002786562,0.38292116,0.33686486,1.1836839183378884,0.45596403,4.780492179676049,0.47274733,1.998492245883064,0.42393324,19.799467,20.829758,18.63445,2.1953068,0.96307874,0.0,window,8.46079518129737,0.20186718449048083,1.7656161324395484e-15,0.0,False,,
4418725541684160896,229.0045845273075,-0.19610916129670283,0.10475237,0.08823256,0.08384205087895769,0.10674391,-2.749201403298885,0.16671681,-2.7382712790664665,0.12423564,17.301636,17.600876,16.81282,0.7880554,1.205248,0.8654685441634301,window,5.1758904625671995,0.5464839739926669,0.9996711056356723,0.9134299237235811,True,,
4418726061375864320,229.03221962802047,-0.1718035718726298,0.04301736,0.03625656,-0.036971919049334785,0.046899278,-2.734329414301331,0.060908053,-2.8188218570639267,0.045029957,15.6877365,16.240276,14.983549,1.2567272,1.1152494,0.32303198525631766,window,3.664897240692623,0.7207729186637528,0.575860608913028,0.44036638141176476,True,,
4418730936163092864,229.12392583781926,-0.17607588900603516,0.25858763,0.23439881,0.7125203710487289,0.2793336,-20.470851379636485,0.32698253,-11.520567881500751,0.27747884,18.71651,19.606092,17.764067,1.8420258,1.1789688,0.0,window,7.2414736397964425,0.31051229680836795,0.0015169866513036687,0.0,False,,
4418732207473428992,229.13860862466922,-0.12568184517053602,0.32861385,0.27262282,0.04809467082437179,0.3584782,1.2126192096503703,0.42526025,-8.122667242485912,0.34073284,19.470158,20.242971,18.554478,1.6884937,1.0395979,0.0,window,7.053292786684839,0.32976397018210624,7.002121495943572e-05,0.0,False,,
4418732722870420992,229.2215020264679,-0.14229275630208965,0.793017,0.7952051,-0.5473336288466049,1.0882612,-2.2993011167989774,1.1396569,-7.648137693817943,1.0963432,20.399487,20.824348,19.2899,1.5344486,1.0614026,0.0,window,12.116860450993709,0.033246466644963626,0.0007941397762787817,0.0,False,,
4418732757229897984,229.23667603144338,-0.12810342829191895,0.16639856,0.13289699,-0.15255600867681957,0.17988202,-0.8601417154540278,0.20261465,-0.4944394288561796,0.1590736,18.530039,19.109074,17.824165,1.2849083,1.0057799,0.0,window,12.924525312645791,0.01869916326278675,0.2812940366924967,0.0,False,,
4418733483079391616,229.2695085336523,-0.07394673193282292,0.66926897,0.59438187,0.5926467364973879,0.7354008,-3.789653855830122,0.8375741,-0.8760722784295905,0.71157086,20.332909,20.624073,19.890095,0.7339783,1.1275176,0.02127792952979709,window,15.027277829102719,0.01,0.9571202817873427,0.008340521538515862,False,,
4418888544282610048,228.80864759097554,-0.24925395685826537,0.3832745,0.34346414,0.30694689156208654,0.41149932,-6.2907436959025125,0.57235134,-4.035378798686345,0.49399355,19.804852,20.103773,19.469036,0.634737,0.8766372,0.0,window,15.229251634276908,0.01,0.768980156396686,0.0,False,,
4418910848049019008,228.8612147472014,-0.2885344566277728,0.42481175,0.37087092,0.13648492445149743,0.46895325,-2.4494321721381587,0.590864,-8.253510808769299,0.483318,19.809845,21.055262,18.873096,2.1821651,1.0368288,0.0,window,14.34055912537283,0.01,2.0762122409487136e-15,0.0,False,,
4418913665547290112,228.99271827632742,-0.16294152216098232,0.09011225,0.06975462,-0.015104814218327364,0.095147364,-2.7537367612618677,0.119521245,-2.67772059987129,0.08746857,17.338606,17.811312,16.696087,1.1152248,0.96286136,0.9728365610005112,window,3.543314548382814,0.7333292890255639,0.7685165167336505,0.9280272207021093,True,,
4418915138720567808,228.960042315477,-0.09363849318005878,0.7062342,0.6893611,-0.41437646273047746,0.81480515,-14.464782491627094,1.0079155,-16.68333059622297,0.9643814,20.473476,21.058392,19.7383,1.3200912,1.1390356,0.0,window,3.8647519509113657,0.6994879100104694,0.020282922836815095,0.0,False,,
4418915379238317952,228.79849070819847,-0.19636850389667257,0.16567288,0.15972503,-0.016859654788116886,0.19396172,1.0511298479619924,0.21089253,-7.055828292237981,0.19291887,18.659348,19.128477,18.069275,1.0592022,0.9309387,0.0,window,14.337014947579553,0.01,0.6502775169717704,0.0,False,,
4418917475182427008,228.87870068464545,-0.1359061290675952,0.8266629,0.7686897,-0.09065665066864434,0.96614534,-3.077806351826127,1.2244924,-4.0472588969973415,1.1280497,20.447256,20.953703,19.69744,1.2562637,1.0938513,0.4507392410374459,window,8.714833016845109,0.18289393834271025,0.03932558941605761,0.32327340153224593,True,,
4418917475182445696,228.880047042113,-0.12329555313482152,0.60305136,0.5180983,-0.09366964977722375,0.68066067,-2.9253575250962953,0.8655346,-4.088970789402283,0.78030145,20.440144,20.964134,19.828226,1.1359081,0.9860329,0.1847474623524332,window,8.540040785577775,0.1958128093472102,0.12227155993336845,0.14020513405373816,False,,
4418918093657796736,228.9109515633845,-0.0845193442074921,0.6327536,0.54512995,-0.3176694890193582,0.6730276,-2.3578406383429455,0.9774653,-2.0142185397054315,0.9233676,20.448748,20.806486,19.86152,0.94496536,1.0196111,0.7341896429314686,window,6.852323321104392,0.35098509105259024,0.4535667991017057,0.6657937456288872,True,,
4418918265456767488,228.89518464983405,-0.08235004886542127,0.6639169,0.5448606,1.3963010136972185,0.76952,-4.8057934684795764,0.97501904,-14.320535352710117,0.7908476,20.46238,20.73792,19.499884,1.2380371,0.9844437,0.0,window,7.802833029747013,0.2569199593095018,0.048919522067303475,0.0,False,,
4418919399327912704,228.85528039003518,-0.04283492810907801,0.51402074,0.4671877,0.20818749610601858,0.5832884,-0.7065732485106261,0.7157331,-2.9186379629498758,0.6701369,20.266352,20.669178,19.964151,0.7050266,0.969642,0.018390534411862298,window,10.815093488280707,0.07067052968864482,0.9951913218427316,0.013233000690357854,False,,
4418919674205691136,229.05153364973245,-0.12918641254759947,0.59455997,0.4843496,1.4001106517568616,0.6295295,-4.655597991163335,0.8345887,-3.24403142304516,0.6289635,20.220188,20.539843,19.796875,0.7429676,0.9267529,0.047208630397115876,window,2.067547913877113,0.8559714197594035,0.9727537869034318,0.1152583499904063,False,,
4418919712861244544,229.033249106837,-0.12800599391447917,0.079037935,0.06941923,-0.012267317269610103,0.0905723,-2.5946773542978274,0.107211754,-2.6081443403304254,0.08698352,17.30824,17.60299,16.803764,0.79922485,1.0154451,0.6151867108397763,window,1.196933642763069,0.8984617215717433,1.0,0.826787632038754,True,,
4418919983443364224,229.0150816801945,-0.11290587739391603,0.5711637,0.526916,-2.147691657451834,0.6393607,-2.3650847673221014,0.8006797,-3.470167535869663,0.70183223,20.311733,20.512917,20.096945,0.41597176,0.7822106,0.46533996024282315,window,0.4165340894883984,0.9170325533426448,0.4974840433436848,0.6362628819604548,True,,
4418920155242103168,229.03947169917245,-0.0830127083437223,0.54747444,0.48499912,-0.05482939543838978,0.62048644,-3.659213733925881,0.7104526,-3.2817172694751346,0.6324309,20.246103,20.600132,20.13268,0.4674511,1.0032687,0.26733097626042845,window,2.013352444230232,0.859292174600782,0.560735056004781,0.4360404601212854,True,,
4418920842436859520,229.00343324504453,-0.08867123031829309,0.44860366,0.4173224,-0.41889819045096405,0.5191403,-1.6991312077029113,0.671933,-3.044511079453732,0.61360246,20.076794,20.533857,19.559248,0.9746094,1.0070976,0.2595938716869803,window,1.7664352821663503,0.8732892078185397,0.3821307558178485,0.40958670290573707,True,,
4418921117314796416,228.98243490250806,-0.06815075108501935,0.38444045,0.3322486,-0.15425823585475368,0.42438424,-2.8302543165835363,0.50587255,-2.4842606524652324,0.43196857,19.752934,19.9591,19.34631,0.61279106,1.0211452,0.911945742466635,window,3.5218135772086763,0.735517026063862,0.7094539589557342,0.8840563498451791,True,,
4418921529631697152,229.0641478391643,-0.0364303826623073,0.7186011,0.5632506,0.18093556271265046,0.7847797,-1.4930730495418199,1.1553059,-2.0843628964787873,0.9514402,20.317272,20.656067,20.138374,0.51769257,1.0895834,0.4741881127960033,window,5.17370662555553,0.5467487337818264,0.779656929239746,0.5630931791793558,True,,
4418922938380975872,229.0855695763374,-0.03252664028026226,0.10092296,0.09093154,-0.09270334170417645,0.117224425,-1.1537573642986745,0.13255292,-0.65138050472943,0.112949155,17.80321,18.445297,17.078674,1.3666229,1.0233494,0.0,window,6.09122523301564,0.43664923201509404,0.35343523952534395,0.0,False,,
4418923007100469760,229.082636433464,-0.018796708649703626,0.08941963,0.07791865,-0.10960622149237068,0.101130694,-2.645915244400317,0.111780114,-2.6203235501347573,0.0944264,17.580256,18.02384,16.93564,1.0881996,1.0075558,0.8293361239355664,window,6.654687405460431,0.37247675017034554,0.7887144632194582,0.8187814392176593,True,,
4418930806761056640,228.80381149278188,-0.03720519203540964,0.16389039,0.15301226,-0.012379864665426656,0.19711253,-7.516194742589551,0.21545413,-3.955301344431666,0.19084303,18.644321,19.063385,18.100756,0.9626293,1.0410863,0.0,window,13.825672292907045,0.01,0.8335988602408986,0.0,False,,
4418923385057986560,229.10254310607803,0.014294233810119713,0.32040313,0.27920595,0.9108920779089318,0.3682362,3.237807961306839,0.43548635,-2.2721365541399323,0.37245992,19.497517,20.75171,18.361034,2.3906765,0.9275513,0.0,window,8.970480386834673,0.1650663665409492,5.287285176760587e-14,0.0,False,,
4418925377922801280,228.93019412854602,0.0056980471923463805,0.68005675,0.59695536,0.5427758239488941,0.8472726,-1.0901465883444046,1.0013396,-2.4752945360418463,0.7772965,20.47148,20.770878,20.285877,0.4850006,1.032357,0.25827740185034553,window,8.933507742235449,0.1675670348161527,0.8241001996531682,0.23921339141914277,False,,
4418926133837456384,228.96395741978162,0.05161089827755283,0.28785893,0.2584788,0.3393990509601075,0.36555287,-2.9801526396867617,0.3818319,-7.930408898427736,0.31733468,19.398037,20.063522,18.647394,1.4161282,1.0242028,0.0,window,10.391460814234371,0.08750616063111555,0.012379259927561654,0.0,False,,
4418926202556598272,228.95697301942022,0.06470068583679803,0.32561848,0.30403376,-0.14828663701549527,0.37947485,-1.621510550447877,0.418008,-13.994435945877996,0.36459026,19.633234,20.01177,19.112017,0.8997536,1.0055486,0.0,window,11.272565950404896,0.05523911221689355,0.7781783361397168,0.0,False,,
4418926271276019968,229.0568214722558,0.022044863565339117,0.19724299,0.1633955,-0.01863495598820842,0.21478827,-0.7500676592244544,0.26121706,-0.5172372388073212,0.20770662,18.833897,19.245615,18.307133,0.9384823,0.98190683,0.0,window,8.28792102754969,0.21550443971538988,0.8480242463712505,0.0,False,,
4418926584808364288,229.0123848587737,0.030614642265038315,0.5997437,0.52159786,-0.4718149805792924,0.7109669,-1.770557612236848,0.80576366,-9.141924357101518,0.6899391,20.373394,21.26669,19.451817,1.8148727,0.979191,0.0,window,8.551955995975682,0.19491316154485064,2.858953932504168e-06,0.0,False,,
4418927645665620992,228.99415426026692,0.07414292328654802,0.13971615,0.12458593,0.05040045029453681,0.1645176,-11.012619641187381,0.18174341,-0.08576324547041224,0.15055925,18.324266,18.70776,17.855112,0.8526478,1.0179685,0.0,window,11.268226308230023,0.05537301945568971,0.9802704427451979,0.0,False,,
4418928161061732480,229.01991906265732,0.10669570349615891,0.48969194,0.41297907,-0.4925641952763018,0.5482524,-5.568144919994253,0.6430779,-6.170318939982431,0.540484,20.098726,21.122768,18.999746,2.123022,1.0740366,0.0,window,13.098281480633377,0.016260941194546023,8.208788043600115e-14,0.0,False,,
4418931700114689664,228.83085917360384,0.026926186569969708,0.32980913,0.3020579,0.4542046182120947,0.38692206,-2.79085392328602,0.46692613,-5.917311966023866,0.4063711,19.74486,20.164566,19.170418,0.99414825,0.9710295,0.0,window,14.158724084763902,0.01,0.43432979677497524,0.0,False,,
4418937816148154368,228.92603826824174,0.054436184706168234,0.65803474,0.52433544,1.475169915136437,0.6879341,-29.362997067820828,0.95648694,-3.0347200611096543,0.76712936,20.204418,21.18236,19.3242,1.85816,1.1044493,0.0,window,11.503339731646632,0.0484426199501043,4.233126788290027e-08,0.0,False,,
4418937919227391232,228.93435831534634,0.07239050416914768,0.33210585,0.312374,0.3297740904658068,0.40285867,5.246257595965521,0.45241952,-10.339180463727224,0.40844437,19.759315,20.916777,18.856148,2.060629,0.9657909,0.0,window,12.225288674173123,0.03095813449907503,3.162141440029617e-12,0.0,False,,
4418938125386562304,228.87180218576262,0.07113741710385073,0.20904097,0.18492419,-0.15613752782278645,0.23954119,0.139718296340919,0.2804121,-8.459800680165003,0.24061215,18.999866,19.098991,18.385258,0.7137337,0.9190596,0.0,window,14.188729157700024,0.01,0.974362985860858,0.0,False,,
4419017633819691776,229.19457007407198,0.060327032034434264,0.19610074,0.16414015,0.11787289450364273,0.20797895,-10.309644942055233,0.25703225,-6.451200871460474,0.20719562,18.809324,19.149082,18.29596,0.8531227,1.0685849,0.0,window,14.620037091483724,0.01,0.9648536117684147,0.0,False,,
4419017736898908672,229.1959733662931,0.08753590344310677,0.38492525,0.2893392,-0.06797753924112304,0.37022948,-2.0268991448368636,0.4884272,-4.964441645573844,0.36020342,19.767105,20.395948,19.299383,1.0965652,0.92745036,0.0,window,15.869578058578561,0.01,0.16824734757701576,0.0,False,,
4419017771258645376,229.1622695324489,0.06572155754813438,0.310129,0.24134439,0.32566540775466674,0.31074116,-0.30624000721897415,0.41357642,-7.145858583658201,0.30834186,19.533743,19.822931,19.02448,0.79845047,0.9472317,0.0,window,13.569350624470484,0.01070956496524038,0.9865810741649838,0.0,False,,
4419017912993031168,229.16496347051586,0.08385601966027639,0.72535074,0.577966,0.15540852163245372,0.74967,1.3410760911628588,0.99673474,-8.076141360831395,0.74734944,20.483627,21.087252,19.382673,1.7045784,0.94012,0.0,window,14.533151222079255,0.01,7.318961933306127e-05,0.0,False,,
4419021001074059136,229.14356685588174,0.11879249851615746,0.34844214,0.24761187,-0.039543645368068384,0.3338081,-13.466892501544919,0.40711185,-7.809897179113959,0.30484718,19.536652,20.139435,18.978874,1.1605606,1.0096154,0.0,window,15.632673978484581,0.01,0.150944142497453,0.0,False,,
4419021207232491136,229.12616584768344,0.1229620164002582,0.19522151,0.15417214,0.5527601946891666,0.20431136,-17.396874051481664,0.23817585,-8.826429177858197,0.1878544,18.776745,19.403105,17.95806,1.4450455,1.1052508,0.0,window,15.401506258506567,0.01,0.06868807277190667,0.0,False,,
4418718738455912960,228.99340732015727,-0.3732904987577944,0.16515139,0.1469239,0.3398579493068709,0.18544208,-0.6879857882843097,0.2169856,-3.640474053267235,0.19125247,18.611853,19.17027,17.97229,1.1979809,0.9874965,0.0,window,15.794223270330221,0.01,0.3958855654890306,0.0,False,,
4418719734889024128,229.15103449543324,-0.3366129326947817,0.48675308,0.38079223,0.7418352376381612,0.53682387,-3.1292574298895373,0.5578244,-2.666196450156777,0.4830773,19.942377,20.406359,19.42085,0.98550797,0.9950938,0.7799913752575505,window,15.566094831095324,0.01,0.35563394545241617,0.47833275702186573,True,,
4418721040558411264,229.08958152427905,-0.2822010362900077,0.4852249,0.42528367,1.3946878284782933,0.58504015,-3.426913552409357,0.63112503,0.4572342110951516,0.5571119,20.065754,20.864914,19.24756,1.6173534,1.0030633,0.0,window,11.012163536696367,0.0636903114641925,2.5421367709262745e-06,0.0,False,,
4418721216652738816,229.14822459370666,-0.28329976465497403,0.06142626,0.05588076,0.19199841716737442,0.07027682,-2.6191202287421094,0.078607485,-4.741060019375732,0.06650664,16.920488,17.34817,16.342283,1.0058861,0.97473633,0.0,window,12.78980632440556,0.02074663813171136,0.8934975284435688,0.0,False,,
4418721487235015936,229.11620354361187,-0.2634959194582675,0.5057146,0.54393184,-0.535258168000502,0.57430434,-2.793717642773024,0.69359404,-3.2544069245396168,0.7400278,20.070593,20.414284,19.728598,0.6856861,1.0623486,0.7208241994672204,window,10.727338057822402,0.07394824376308054,0.9660869150636061,0.6469499265901366,True,,
4418722518027159552,229.01552754345624,-0.2886889797675415,0.6326993,0.5211133,0.000953267530538815,0.7361349,-3.06665423145538,0.8206027,-3.7394893245046616,0.82696676,20.419687,20.747446,19.887243,0.8602028,0.98289996,0.39377081152680304,window,10.632215822321045,0.0776226309212769,0.6683763589688899,0.29616580900722,False,,
4418722621106371584,228.9643939821436,-0.297482858187821,0.22417785,0.19560006,0.6827792998419324,0.27199918,-6.575006509976321,0.27419838,-10.698881341343451,0.2418848,19.000372,19.920551,18.140053,1.7804985,1.0271684,0.0,window,11.674490114860532,0.04379891083456605,0.0006741480575845557,0.0,False,,
4418723243877315072,228.91248699175355,-0.2891148701290913,0.08173222,0.06801101,0.16402569145053897,0.08867192,1.656323481440186,0.102442674,1.083444199925481,0.082479805,17.20616,17.536373,16.717064,0.81930923,1.0044783,0.0,window,12.511502078638104,0.02543770589498943,0.9989369552993144,0.0,False,,
4418723583179058944,228.96609485877002,-0.2576934074906809,0.3272494,0.2666811,0.1752053739075616,0.35159248,-3.122745064435854,0.45797664,-3.00428767624561,0.37105677,19.548023,19.999023,18.972916,1.0261078,0.9479173,0.46468420207267935,window,9.383333547627535,0.13888553918119748,0.43357249824403427,0.3708662881217711,True,,
4418724923209042304,229.09625387073788,-0.20020162231025662,0.49318516,0.40318856,1.2547962241003712,0.5240701,1.4596669862483518,0.635908,-14.809729560632228,0.5234229,19.92182,21.283684,18.90976,2.3739243,1.0425283,0.0,window,6.93998620626203,0.34164710137929966,9.346661591532188e-23,0.0,False,,
4418727225312005504,229.17108241916318,-0.2542808043512505,0.15047583,0.1496813,0.13274142622073487,0.17617884,-2.7413529654195146,0.19657406,-2.185782452596327,0.18347655,18.458054,18.862705,17.815653,1.0470524,1.0116209,0.08112702597762006,window,12.385767560429231,0.027772392692366143,0.7170932087215246,0.041737449227235046,False,,
4418727367045909248,229.19311458021815,-0.23420405574808437,0.21991952,0.19064398,0.5626135511576954,0.24920487,-9.834851850762046,0.28257775,0.4954522963646113,0.2324825,19.109903,19.692572,18.353447,1.3391247,0.9395045,0.0,window,12.635104775977691,0.023275246613234355,0.07814774108372055,0.0,False,,
4418730317688476032,229.26727769638214,-0.10788801343607149,0.5402023,0.4482289,0.5112826311965977,0.60474014,-3.766206235642712,0.7249967,-5.67375979395943,0.56080836,20.23915,20.724905,19.675991,1.048914,0.8516639,0.0,window,14.724318370185008,0.01,0.21786896615980328,0.0,False,,
4418731662013215616,229.0907652415779,-0.1688417555171348,0.14062998,0.12585971,0.18119078885859297,0.17238715,-19.129636797943615,0.1839841,-0.7801652602221507,0.15988596,18.001139,18.275093,17.541794,0.73329926,1.1162788,0.0,window,5.372939557493637,0.5225893825908039,0.9885221965053591,0.0,False,,
4418731692078914688,229.07318807469187,-0.1656814754776643,0.15956531,0.14192496,-0.0939772732248746,0.19258441,-2.8771509114636236,0.22433296,-2.7274675384592117,0.18809913,18.405584,18.805174,17.723839,1.0813351,1.0131319,0.787462064059325,window,4.472018047464028,0.6307711490959503,0.6655940534013364,0.7948865182325382,True,,
4418732104394214272,229.07469298760654,-0.12399766590183345,0.14931896,0.12488472,0.13380131332709763,0.15609999,-2.9521841091512835,0.22149724,-2.621197086849237,0.17367777,18.168411,18.67875,17.56833,1.1104183,0.96772003,0.6496527875737156,window,3.2537436762647602,0.7619142986189225,0.6635276571566664,0.7325049336809902,True,,
4418732619790294016,229.14025765297222,-0.08731012260434105,0.5121247,0.42031527,-0.7561350221451885,0.5360926,-4.566487006274727,0.71438247,-10.84593308296593,0.5505461,20.199749,20.2908,19.40321,0.8875904,0.9922014,0.0,window,7.2494499413341895,0.30971001992221026,0.6400144396815456,0.0,False,,
4418732624085154176,229.14310739304548,-0.09851089781050326,0.7636891,0.5703843,0.4697937408972811,0.7299314,-16.7264452478827,1.1729963,0.5096201123846131,0.8317281,20.270878,21.015379,19.665276,1.3501034,0.98873067,0.0,window,7.314711447359659,0.3031886932613911,0.006674621363246916,0.0,False,,
4418733203906500864,229.2054678224744,-0.09105018911769731,0.30271918,0.23721524,-0.12876978240486608,0.3092853,-6.920305495158787,0.39922976,-7.634939482935904,0.29993188,19.462555,19.875267,18.975292,0.8999748,0.99714637,0.0,window,11.082848207820579,0.06131128718008892,0.8189146525316551,0.0,False,,
4418733891100612864,229.16251044240894,-0.09744404822606285,0.25286785,0.2030086,0.02456525575833495,0.26402375,1.9285328484210782,0.33840773,-8.982467296010672,0.2590245,19.006912,19.364752,18.591244,0.7735081,1.09443,0.0,window,8.479257332522838,0.20044563307386173,0.9999998122250435,0.0,False,,
4418912046343661312,228.82586057427096,-0.23956140244265228,0.5046291,0.43389487,0.15701019449819553,0.5389357,-10.702049580731646,0.8598611,1.259604171934326,0.8173184,20.13501,20.465288,19.58655,0.8787384,1.0624342,0.0,window,14.0463358974698,0.01,0.6839231555933056,0.0,False,,
4418912531675927296,228.88196138039152,-0.20788377800248486,0.13540849,0.12195487,0.021352220446677166,0.15325108,-17.882580606313546,0.18969777,-1.5289927012775346,0.15425976,18.145716,18.444202,17.661186,0.7830162,1.0650039,0.0,window,10.191757058074758,0.09636501184809661,0.9999068599886602,0.0,False,,
4418913729970919168,229.0181764602062,-0.15309361919152986,0.15333031,0.13645159,0.34825948479823154,0.17638172,-2.9179226334861585,0.21423917,-2.6030906963069773,0.17313638,18.469664,19.037605,17.872288,1.1653175,1.0655781,0.7058863854464235,window,2.4996212646285865,0.8263433015186284,0.4950680932696883,0.7401830075642669,True,,
4418913867409864704,228.97640325215949,-0.16032668348908516,0.8752574,0.6905575,0.30103255151664055,0.81559384,-4.386697988668693,1.3809731,-5.9924340222886485,1.0316408,20.43376,20.58717,20.075193,0.51197624,0.8969506,0.0,window,3.999906151545005,0.6846773840466017,0.8590973950503763,0.0,False,,
4418914039208590976,229.01389081209643,-0.1347035617270383,0.32733825,0.28733212,0.24842229166570443,0.36799052,-0.318246027610006,0.46911618,-0.27211078254522003,0.39106938,19.582878,20.031359,18.875452,1.1559067,0.9703657,0.0,window,1.467145897019557,0.887754147491258,0.14202039414512904,0.0,False,,
4418914073568341888,228.98900251413573,-0.12917323835393893,0.48784244,0.43725145,1.1147346772919018,0.5624075,-3.7278669448411526,0.67911506,-3.401511812375661,0.6112676,20.185188,20.412615,19.692362,0.720253,0.9559268,0.16782353903284114,window,2.2378143434011766,0.8449609418493628,0.996555976326436,0.34209543179049723,True,,
4418914077864156288,228.98777406735104,-0.13187074427650153,0.5267628,0.44949064,-0.9103160126394574,0.5865269,-2.395168747807916,0.7519478,-2.8923756459615038,0.62282366,20.115063,20.378628,19.650818,0.7278099,1.0655298,0.8446622161110717,window,2.381537437016784,0.8349911065263883,0.9992974354424343,0.9319454247973302,True,,
4418914829482902784,228.97005096195687,-0.12267511799105743,0.72654253,0.5600449,-0.22866682467437205,0.72011316,-3.8819492636009048,1.0743845,-3.6926042021138086,0.79594266,20.352018,20.707827,20.051695,0.65613174,1.223806,0.2446366118828896,window,3.1811153432882904,0.7687721920603491,0.9994288441869085,0.4188573148028826,True,,
4418914932563349632,228.96745689319118,-0.1021833754465179,0.3647366,0.3492051,-0.07249714189732871,0.43839526,-2.567299869239725,0.5210356,-2.869703129723443,0.4629341,19.624443,19.976118,19.065012,0.9111061,0.9843883,0.8600745669376999,window,3.315081963735283,0.7560223352028117,0.7477279884212094,0.869874098559943,True,,
4418915860274680832,228.81459086459432,-0.16803031121474088,0.21055707,0.1842835,0.4739809082751295,0.23418531,2.4894913650555086,0.25475085,-5.579144960112084,0.22331248,18.82133,19.8401,17.963913,1.8761864,0.9809643,0.0,window,12.891107809222396,0.019193979473770686,0.0005409610518059798,0.0,False,,
4418918231096770304,228.93391568115683,-0.07043278762355674,0.40641266,0.3391435,-0.42345424485640587,0.43579802,-6.289232131112925,0.56268793,-3.3845482399669704,0.47908646,19.91986,20.167667,19.678488,0.4891796,1.0289757,0.0,window,5.828329205213282,0.46773765882648577,0.24493055880223058,0.0,False,,
4418918407190259456,228.91582317987223,-0.0606384237724433,0.4970414,0.42729932,-0.2570043574662922,0.5639325,-4.004580956083384,0.67250514,-10.819924413901257,0.5839561,20.119473,21.00638,18.907808,2.0985718,1.0408232,0.0,window,7.060990921178476,0.3289644272424318,6.03021634712834e-13,0.0,False,,
4418919919019677056,229.01627952544953,-0.12525844353735757,0.3742124,0.3365357,-0.20280908915991577,0.4194883,-2.464306175005934,0.53133935,-2.213605673516381,0.43924275,19.800114,19.95915,19.342815,0.6163349,0.9486802,0.5495788131356376,window,0.8861792702818074,0.9080384102039736,0.7092933102029688,0.730455656758209,True,,
4418920808077115520,228.98163983260076,-0.09362800747120702,0.62098664,0.5164553,0.13737595311013173,0.6958048,-2.543463875902989,0.9021959,-4.326303931687053,0.7176465,20.264788,20.57092,19.846258,0.7246628,1.0478061,0.06825802621966712,window,2.6453587284519386,0.8151121911902388,0.9820726085313596,0.15005121007389466,False,,
4418921529631708416,229.0734620526276,-0.02751251174718514,0.44912404,0.3431182,0.15115601917455018,0.4623253,-1.6215538834258525,0.561741,-2.431624132506359,0.43382168,19.762398,20.098562,19.228567,0.8699951,1.0810952,0.13375120176723168,window,5.918245273306793,0.4570413408172528,0.8299025361108839,0.17735532101949264,False,,
4418921632710914432,229.0132021461003,-0.03514496488599758,0.30090156,0.23991741,-0.9373137638964771,0.3339144,-2.378651614649069,0.38574308,-2.9560611823837486,0.29598683,19.207314,19.670809,18.649967,1.0208416,0.9750417,0.4248274816978194,window,4.616891721820871,0.6136954525916639,0.5808047798445695,0.5054069486246148,True,,
4418921667070659840,229.01512864599243,-0.02909541365004993,0.61184824,0.556716,0.7053436063376799,0.6723104,-3.100174220618257,0.86712176,-3.4655713862153754,0.81018573,20.366867,20.80874,19.864672,0.9440689,0.9226313,0.5576025337391239,window,4.966919386068787,0.5717748212495617,0.4595793188388752,0.5816853786685532,True,,
4418925137404237568,228.9104908622113,-0.02768926217044261,0.15704922,0.12480798,0.4018757407945651,0.1661632,-1.4881731985228106,0.20970507,-7.003964650021287,0.16083203,18.448847,19.151852,17.75211,1.3997421,1.004455,0.0,window,8.368432286818077,0.20907985724637113,0.16531977504553658,0.0,False,,
4418925481001644672,228.8773233112884,-0.0074313982086435405,0.38989538,0.36719552,-0.13313390399186703,0.45365116,-5.117800975149857,0.5237041,-9.18453763148728,0.5053176,19.848915,20.413546,19.466196,0.94734955,1.0376698,0.0,window,10.691696496852632,0.07531005560097731,0.5381657944116207,0.0,False,,
4418931184718187904,228.81707961944463,-0.029565471801052054,0.26573166,0.2469293,-0.07122036065954948,0.31952792,0.04105573724435877,0.3585191,-12.808912198428096,0.3185728,19.454721,20.324362,18.604166,1.7201958,1.0010264,0.0,window,13.238248170291312,0.01445524985770798,4.255900356071762e-05,0.0,False,,
4418924003533336192,229.13104034534157,0.05881943506507943,0.52612317,0.41073298,-0.28775292692411353,0.5276717,-0.05643993219918381,0.6657429,0.3281892148796985,0.520297,19.950006,19.969908,18.77705,1.1928577,1.12439,0.0,window,12.142309216000788,0.03269930555902051,0.021850430297950595,0.0,False,,
4418926236916273024,229.04439260927225,0.015271526305107664,0.1589324,0.13244353,0.18787671029286854,0.17795655,-7.017825056908828,0.20320106,-0.7430098955984678,0.16129899,18.480951,18.809261,18.092115,0.7171459,0.98169285,0.0,window,7.730994700691224,0.2634450558414949,0.9796341797813901,0.0,False,,
4418937438191011584,228.88678411054923,0.03857764387420303,0.4459044,0.4105112,0.7099320968362557,0.5206221,-12.124298904811898,0.61714727,-7.003099537634167,0.5777281,20.099102,20.53439,19.405315,1.1290741,1.0569127,0.0,window,12.120825571825081,0.03316080401865114,0.08067280981713258,0.0,False,,
4419021172872751616,229.10311506094436,0.11897047915670696,0.21683118,0.18851219,-0.1660739674781586,0.2396061,-8.450032468126182,0.274403,-3.3538461644711512,0.22952284,18.989325,19.458582,18.562792,0.8957901,1.005404,0.0,window,14.667344171720902,0.01,0.8994760119681027,0.0,False,,
4419021963148359808,229.0702427137031,0.13367924078844803,0.17384522,0.1545779,0.23898594442414112,0.19728631,4.106739993197775,0.20955683,-15.263145027224564,0.18165706,18.637743,18.773317,17.819502,0.95381546,1.0600915,0.0,window,14.99986980706616,0.01,0.8488372589057971,0.0,False,,
4419022238024646656,229.04514448766597,0.1502163364573024,0.20656297,0.18577379,0.7035746164177652,0.23933575,-11.318340806249253,0.27039325,-0.25972054025681685,0.22840275,18.87026,19.57971,18.026953,1.5527573,1.0797818,0.0,window,15.770768956982726,0.01,0.020149128682091202,0.0,False,,
4418719872327291648,229.09377527044347,-0.3353871930518886,0.33989617,0.29524595,1.0194592528277417,0.4019975,-5.851156595564741,0.431615,0.7022370807995515,0.35863483,19.567661,19.746105,18.998215,0.7478905,1.0698117,0.0,window,14.102775387620703,0.01,0.996601569205202,0.0,False,,
4418719872327292544,229.09730912220692,-0.33322194046978165,0.4827103,0.4182555,1.0015181756216485,0.5727601,-4.7057214504383875,0.6127811,-5.009391923519807,0.5240478,20.074835,20.55217,19.607523,0.94464684,0.94705045,0.0,window,14.045998543651551,0.01,0.47699455492576615,0.0,False,,
4418719941046771584,229.13117772874526,-0.3243057039331065,0.84014434,1.0082662,0.19686313219306584,0.96552426,-8.252983415068876,1.2895546,-3.3243817627663987,1.3728901,20.29768,20.825964,19.627739,1.198225,0.99245197,0.0,window,14.3480680040743,0.01,0.053448121892450746,0.0,False,,
4418720593882495488,229.17154782265052,-0.2770086512701231,0.12953927,0.1237615,0.09671465918301318,0.1490963,0.12840583242930664,0.16948524,-7.776371420884659,0.15319549,18.060713,18.249056,17.789228,0.45982742,1.0628356,0.0,window,13.383417650149,0.01272471676396956,0.6705181175675918,0.0,False,,
4418720628241540736,229.08514863949162,-0.31868594473001627,0.42333475,0.35014558,0.01612327449054196,0.47511774,-10.162513070202113,0.54995275,2.498686492413853,0.43468586,19.81848,20.440968,18.954288,1.4866791,0.9422595,0.0,window,12.991761597684926,0.017729173214883594,0.000132995749457926,0.0,False,,
4418721109277887104,229.07621321164652,-0.28657450336016604,0.4707555,0.462042,-0.538441846793882,0.55451614,-3.9217728077151985,0.63510257,-4.8224984377442555,0.59657955,20.06559,20.482891,19.526804,0.9560871,1.0172361,0.0,window,10.992614163059876,0.06435972822234266,0.44018179231325544,0.0,False,,
4418722552386892800,228.97318653510214,-0.30687487300244687,0.22639035,0.20646517,0.19570210565530946,0.26791665,-1.636945850875069,0.28920808,-12.592221995553066,0.27137607,19.10717,19.671404,18.520937,1.1504669,0.9339039,0.0,window,12.075552462235665,0.034147957594049795,0.3222913533961148,0.0,False,,
4418722625402020352,228.96567417516934,-0.2950286150136583,0.27617097,0.25855878,0.6525657080144123,0.3473315,-7.822385206241503,0.33387828,6.037286438055939,0.3114776,19.029322,20.21303,17.922853,2.2901764,1.1818097,0.0,window,11.511151006044104,0.048223478540213145,4.16908830036386e-08,0.0,False,,
4418723411380544256,228.9738357863167,-0.28180453765960145,0.65103894,0.58085907,-0.2632082355189249,0.7458891,-1.888397777959114,0.90683305,-0.7249144322720992,0.9208415,20.462645,20.664762,20.06777,0.5969925,0.9478333,0.07470259074637466,window,10.61164832835815,0.07843399998944986,0.9866144881798796,0.056278618646828274,False,,
4418723514459576448,228.97483953309433,-0.2729765632572415,0.3153375,0.2747103,0.40979278640139266,0.36404952,-13.89077611864857,0.4171268,-1.2952786991785923,0.3852679,19.582544,20.006908,19.022953,0.9839554,0.95977944,0.0,window,10.085904397855943,0.10131308982112841,0.5410758612840509,0.0,False,,
4418723583179057024,228.9601199352627,-0.2626088755906938,0.093947135,0.072287925,0.18888312384013445,0.095518105,-2.6454158483861128,0.11886559,-2.7064904723764536,0.09217605,17.432407,17.893162,16.808786,1.0843754,0.92194945,0.8003267302701853,window,9.789463352641267,0.11613907174849439,0.8070298376087389,0.7337508158001615,True,,
4418725198086768768,229.02627454098626,-0.2252159587951875,0.8175137,0.5748867,0.7729725318459604,0.670357,-3.862060382877626,1.1909871,-1.9742177931842697,0.85353595,20.330662,20.591978,19.850773,0.7412052,0.9555892,0.4669930972453733,window,6.822008609279139,0.3542427484601751,0.9479998313532731,0.5248565841133394,True,,
4418726061376111616,229.0411174460194,-0.16814419413778775,0.45302364,0.38593966,0.13097811850264998,0.50463,-2.1008227941534257,0.6315299,-2.5064954442828133,0.5238938,19.994497,20.347368,19.586388,0.7609806,0.92242473,0.5931040372275155,window,3.58323833925506,0.7292405611444838,0.9977184807257917,0.7524132205101439,True,,
4418726404973230080,229.20280461266245,-0.2695155541538091,0.08587734,0.07411616,0.16629589834466088,0.09804627,-1.9366416506633404,0.10957181,-2.7594382249365776,0.08890843,17.488203,17.863054,16.94751,0.9155445,1.0036758,0.0,window,14.407957422146135,0.01,0.9642292886993102,0.0,False,,
4418727328391223552,229.1752815438052,-0.23019093427571818,0.1706843,0.14991026,-0.07198418862734146,0.19793506,-13.231919888379265,0.20619155,-1.53304367568603,0.1828194,18.66465,18.845627,18.134232,0.71139526,0.99763304,0.0,window,11.632825379315014,0.04489924776227486,0.9748478539486036,0.0,False,,
4418727775068090624,229.21936553189914,-0.2136303041870773,0.39188427,0.3171446,1.2327679137340668,0.4268039,-8.778606398200509,0.49925658,-4.832047421881113,0.3919271,19.881157,20.90124,18.572588,2.3286514,1.005052,0.0,window,13.336027023805535,0.013274119176667402,2.1720766483367514e-20,0.0,False,,
4418728084305472768,229.21782208530527,-0.18725423270444047,0.29234347,0.23171307,-0.06306615428498599,0.3110606,-3.247153330264864,0.36376876,-5.6545078443980765,0.28476006,19.417065,20.12967,18.712597,1.4170723,0.9978787,0.0,window,12.60126862284429,0.0238544258780632,0.011156304507606483,0.0,False,,
4418729497349744512,229.25747488568894,-0.16617714314105644,0.4715147,0.36043584,0.8257771353837481,0.49038196,-12.545955999000522,0.57527435,-7.957714950486969,0.4498026,20.035616,20.65111,19.230413,1.4206963,0.98574734,0.0,window,14.508836300700448,0.01,0.0002982789902998296,0.0,False,,
4418731004882572928,229.11333385117248,-0.16436385872144538,0.22675051,0.20536265,0.12899007638195475,0.2519346,0.5454248503981556,0.30944,-7.377510721457733,0.2597852,18.853653,19.64825,18.043272,1.6049786,1.0223863,0.0,window,6.333949159592024,0.4085332344516042,0.012457179409149113,0.0,False,,
4418732898962999680,229.24329345743973,-0.11279040101562549,0.52693456,0.4067233,0.14037572017977323,0.56627125,-3.0436440158179474,0.5831231,-5.6101669053908365,0.47592878,19.962437,20.420965,19.323551,1.097414,1.039306,0.0,window,13.28377426567959,0.013897254837455473,0.09328004246220707,0.0,False,,
4418828689618814208,229.256037319874,-0.002552262479070906,0.8096964,0.6248827,0.2767797439092868,0.8203129,-8.56518991181612,1.1419774,-3.9107629054365325,0.8137195,20.445547,21.38822,19.501913,1.8863068,1.0967565,0.0,window,15.49714000344708,0.01,1.7164800004929582e-06,0.0,False,,
4418910882408478848,228.87831123049943,-0.27550464680970654,0.11696035,0.101407126,0.1292326089236152,0.13034761,-3.606374557055023,0.1518671,-4.969006556362472,0.12372042,17.85538,18.232891,17.298626,0.93426514,1.0309783,0.0,window,13.074272565052656,0.016584654775642117,0.9367278996762806,0.0,False,,
4418910912472265600,228.8518110293907,-0.2846480377545311,0.09171343,0.07678939,0.14129257052138194,0.09916475,-0.6641038456195606,0.12715058,-0.3583568138008608,0.10138912,17.559702,18.185926,16.817074,1.3688526,0.98368645,0.0,window,14.558598061950729,0.01,0.40446295670420274,0.0,False,,
4418911290429418112,228.8712170209786,-0.23975897399518906,0.126993,0.11544902,0.23389267195235874,0.14070567,-5.773262483625544,0.17353559,-12.56835025551534,0.14732349,18.037764,18.35506,17.61152,0.7435398,1.0049742,0.0,window,11.868782073480459,0.038915363471552125,0.9922925430250764,0.0,False,,
4418913592531938176,229.00373088263268,-0.17780832087595755,0.7905686,0.5610704,1.1647628574508286,0.79393524,-4.475126307886471,0.9856037,-3.2577063553276253,0.77453417,20.287682,20.583597,19.779566,0.8040314,0.95942503,0.15718123755562444,window,4.119364802505378,0.671334248038435,0.8432290027612747,0.2534389682303934,False,,
4418913592531940992,228.9925964087203,-0.1743813688413494,0.4129609,0.35385677,0.7778594628218243,0.43340778,-3.1612222261547576,0.61377805,-2.031264640743649,0.5269745,19.873812,20.278498,19.348223,0.93027496,1.0798731,0.40076481565873556,window,4.157007447630618,0.6670840977889542,0.5875194131996938,0.49998711303084076,True,,
4418913695611174400,228.99899595440814,-0.15900202460577167,0.5266862,0.44303325,-0.3902990968291145,0.4637851,-3.3825465137250568,0.8325271,-2.374648626600159,0.6686546,19.760296,20.167383,19.189106,0.9782772,0.9474629,0.6782938296218229,window,3.1587280515151717,0.7708597178402825,0.47716895428283884,0.7088989946564114,True,,
4418913695611505408,228.99821073657108,-0.1669462782707959,0.77055496,0.6964586,-0.1818012424509748,0.80818933,-6.19303284667396,1.1860539,0.6614752031337232,0.98225486,20.457565,21.615019,19.40546,2.2095585,1.0732404,0.0,window,3.6121742106742283,0.7262559518197338,9.520355067279545e-10,0.0,False,,
4418913764332387712,229.03521376373342,-0.1469798627174132,0.5876174,0.4993469,-0.08715849687246402,0.63830155,-2.25615350696583,0.8073811,-2.8978395415761904,0.6859854,20.293604,20.691898,19.939857,0.75204086,1.0067598,0.793358033345585,window,2.268119296993575,0.8429099131774332,0.9420244441284669,0.8947123694009859,True,,
4418913798690401664,229.01116076067464,-0.14933903189144332,0.5234057,0.4393029,-0.07817517127299264,0.5674775,-0.478601142801901,0.740315,-2.0336348835492344,0.5890677,20.17725,20.390236,19.521666,0.8685703,1.068391,0.0,window,2.354237725171055,0.8369320302236705,0.7038037106968719,0.0,False,,
4418916032073731200,228.84522335751765,-0.14224179087592498,0.722414,0.65135753,1.3989297434250623,0.78152883,4.174816167350524,0.9658049,-4.00265135549925,0.90435535,20.264349,20.974707,19.443743,1.5309639,1.1768787,0.0,window,10.758827674119013,0.07275983490069371,0.0002873010552635817,0.0,False,,
4418917062865598720,228.80870713499348,-0.1153739258392449,0.30041665,0.26072934,0.17115684571619882,0.33248544,-0.2072097339594806,0.39696407,-12.247386711121182,0.33779,19.409487,19.753414,18.88603,0.86738396,1.0225222,0.0,window,12.79355165588376,0.020687803609458127,0.8991433417537023,0.0,False,,
4418917440822670208,228.8678278097391,-0.14770824016245185,0.5162415,0.46276557,0.704166785547701,0.57090974,-2.5504647299767917,0.7820228,-8.471819197336435,0.73078275,20.240976,20.465097,19.922863,0.5422344,0.90368736,0.0,window,9.494789999495772,0.1323535068287651,0.7704121161227643,0.0,False,,
4418918609053862656,228.82102926423312,-0.0918169284583612,0.4040781,0.3650326,0.856465317456274,0.45419544,-4.004428587989277,0.56259316,-8.328005416169681,0.46899348,19.759403,20.284004,19.091682,1.1923218,1.0954218,0.0,window,12.110531350066475,0.03338351576627572,0.05420690001950859,0.0,False,,
4418919468047409152,228.83865408240118,-0.027789272314824216,0.13259454,0.12662823,0.13153251703158686,0.17341444,-13.972326500683542,0.17880768,-0.8999745241035427,0.15877554,18.276402,18.61601,17.928032,0.68797874,0.9768194,0.0,window,12.090138013668584,0.03382775146003954,0.9605014808396574,0.0,False,,
4418919639845937664,229.03325713990606,-0.13937555798527188,0.26744175,0.21887542,-9.914952396186671e-05,0.28536215,-2.4942809449379895,0.38157204,-2.567978214787924,0.2783267,19.073727,19.256783,18.927618,0.3291645,0.9574237,0.8018370471027854,window,1.8004656986450185,0.871470792337493,0.22112551436313602,0.7170955396867511,True,,
4418919639845948288,229.04139123817052,-0.13280144080473794,0.3409283,0.2668818,-0.377028654695986,0.36051574,-2.5837220111863526,0.45595193,-2.995650997749103,0.34065554,19.375341,19.859587,18.799,1.0605869,1.0240036,0.5992197794025987,window,1.7279666833181746,0.875302086970175,0.4168658300621815,0.6787107089937315,True,,
4418919846004398720,229.0533367075366,-0.11943385884189744,0.8543197,0.6396911,0.18101557578331046,0.7149564,-3.6023689095613287,1.2834797,-2.861500097516076,0.9135089,20.360188,20.699081,19.829653,0.86942863,0.8870476,0.7748482897565107,window,1.9438816406017794,0.8634183398534627,0.6568621875299445,0.8217236336135979,True,,
4418919880364167936,229.06387296225455,-0.10085707261147912,0.08169885,0.0813059,0.18356676250185366,0.09609934,2.11033376713973,0.105615035,-6.842551760969232,0.099083096,17.359785,17.826448,16.786657,1.0397911,1.0324372,0.0,window,2.5995538301567613,0.8187078413002727,0.8584789437641276,0.0,False,,
4418919949083630080,229.0413163256747,-0.11077194034316162,0.17071414,0.15694836,-0.04677227207675184,0.19927712,-2.7012856720216076,0.22315583,-2.529458700069105,0.1990254,18.681852,19.117207,18.089085,1.028122,0.99434227,0.8494083204328511,window,1.16603629396791,0.8995445323916144,0.7069205787510204,0.8722231569321265,True,,
4418920842436867072,228.99602990209056,-0.08404482715609093,0.17971548,0.16080305,0.25830774623287583,0.20658769,-2.4630731498326375,0.23076025,-2.5238205503778635,0.19860587,18.710602,19.082586,18.117085,0.9655018,1.0015981,0.47969268511104673,window,2.2677674303040187,0.8429338848866286,0.8190379650038669,0.6706321607357503,True,,
4418920911156354432,229.0273135825869,-0.07688171964828115,0.5817111,0.55677235,0.0009370596631405881,0.64744806,-4.906094082993469,0.8388789,-1.0047490994781458,0.81032306,20.327257,20.58406,19.929274,0.65478706,1.0074332,0.0,window,2.108268654832724,0.8534177354613816,0.9977134928221442,0.0,False,,
4418920911156361088,229.0296585056896,-0.07180997051002826,0.23095909,0.20753364,-0.480540007994669,0.269042,-2.56301675793763,0.30090657,-2.67400156757825,0.26593873,18.992195,19.146112,18.83293,0.31318283,1.0758392,0.8683680639950827,window,2.432362280649,0.8313190799941332,0.21896771799698944,0.7361478592129974,True,,
4418920945516098816,229.00472484548513,-0.07316509501963406,0.37523106,0.31561837,-0.12273338392005495,0.4046231,-2.1652524417056225,0.5426969,-2.673844483840804,0.4365694,19.721487,20.125042,19.2833,0.84174156,1.0293494,0.5917576718560362,window,2.525869403503197,0.8243657313537779,0.9088963896782244,0.7635695277429847,True,,
4418921396488436352,229.03990200754387,-0.044467064094410785,0.05661046,0.04571763,0.04822693189274177,0.06426611,-2.6937696302312704,0.06398203,-2.677700679132023,0.054247197,16.211458,16.69011,15.556947,1.1331625,1.0794816,0.9340096027111211,window,4.1702814852156065,0.6655803831121975,0.7452517744465555,0.9007952537514595,True,,
4418921701430402560,229.03476045607314,-0.02571325755702423,0.41631836,0.3809783,-0.04256322337808488,0.44974503,-2.767365738096821,0.57309604,-1.922310964469072,0.51152325,19.844528,20.429571,19.27634,1.1532307,1.0123551,0.37252813067059204,window,5.210654817721863,0.5422686610967874,0.06661722065766842,0.35952539116424426,True,,
4418922079387526656,229.14791154186128,-0.024037318238839093,0.28265598,0.2391002,0.1769489352415934,0.30938762,-1.267480850271313,0.37628713,-5.371197002155689,0.30295965,19.372131,19.949865,18.730734,1.2191315,1.0520365,0.0,window,9.20683756981496,0.14969057060275143,0.1260794982772289,0.0,False,,
4418924179627247360,228.97575014445587,-0.05220945074177624,0.11275461,0.09866731,0.3678257922799414,0.12964419,0.14850981780546582,0.14094493,-5.392225004083424,0.11579283,17.933847,18.499495,17.24448,1.2550144,0.9895796,0.0,window,4.512797174677021,0.6259852616984014,0.4801431036285076,0.0,False,,
4418924312770483712,228.93547589329438,-0.053522945342443146,0.56772655,0.45575738,0.3250766842955803,0.6231307,-3.084009440318651,0.8086683,-2.81245552771307,0.70641744,20.309196,20.789713,20.029434,0.7602787,0.9663207,0.8877719835453965,window,6.247507645322566,0.41847233742081014,0.9244367558076967,0.9000305782846177,True,,
4418924901181758976,228.97959529470415,-0.0017333494608618482,0.08993175,0.075846225,-0.16740108814434562,0.10011762,-2.58021411333893,0.11462171,-2.410780770878276,0.08960005,17.231129,17.586094,16.7007,0.88539314,1.1783879,0.11937723688993881,window,7.063802370086362,0.32867267558315066,0.9806127503087764,0.14448757521968217,False,,
4418931322157165184,228.84909684514778,-0.00942423309854762,0.2893263,0.26107112,0.7025164053549879,0.33347473,0.6187430255229225,0.4072922,-4.116597969924791,0.35566574,19.530872,20.02657,18.877016,1.1495533,0.98707694,0.0,window,12.045021202509824,0.034824978168361914,0.16949746197521834,0.0,False,,
4418923763015127168,229.1059313595725,0.027878795778946183,0.7037335,0.5717115,-0.0325939017682128,0.7416267,-5.19199985876268,0.99914795,-2.2572763928091693,0.7851166,20.358427,20.568535,19.678642,0.8898926,1.1151161,0.043656101672740415,window,9.770162612076545,0.1171552008885208,0.6024782220081198,0.0333194516711027,False,,
4418926065117622656,228.9364245749152,0.04794154479151617,0.66022253,0.6530752,0.04873402288797308,0.7776304,-15.475376743031692,0.9396351,-4.596713701450691,0.8982508,20.486246,21.212843,20.001432,1.2114105,1.0626494,0.0,window,10.859755536974744,0.06904295443545895,0.06354072969478515,0.0,False,,
4418926271276021888,229.0542879057339,0.023799302601570056,0.7022055,0.63613844,-0.798497553595153,0.74947304,-1.299413679012018,1.0348573,-2.0662607115063145,0.8780084,20.3428,20.602392,19.8339,0.76849174,0.9401728,0.3110336885499201,window,8.353142939714377,0.21029005420493022,0.9000571339891168,0.31218101502247186,True,,
4418926477434489856,229.06748081425698,0.05155823743202949,0.19297564,0.15722913,-0.036041069435440706,0.2155789,-12.330306623308653,0.2413818,-2.3304542928883003,0.18605663,18.660591,19.239191,17.992758,1.2464333,1.0495759,0.0,window,10.164328186213401,0.09763012133205734,0.30110876764114863,0.0,False,,
4418926821031872768,229.09948954475496,0.051193039361484845,0.3135423,0.24910845,0.9381986085935222,0.31941244,1.8730108812580417,0.441259,-6.57688451397616,0.34097964,19.395836,20.36462,18.568325,1.7962952,0.9966756,0.0,window,10.820262372454222,0.0704807748643712,1.6385654288461802e-05,0.0,False,,
4418937850507896064,228.89889074290934,0.05674150584808607,0.39632365,0.3937543,0.13126565710023658,0.525108,-0.8063088988295346,0.55240613,-0.19500298332520485,0.484014,19.777903,19.939392,18.897255,1.0421371,1.1034812,0.0,window,12.50968812777829,0.025470408430063526,0.28091943098996003,0.0,False,,
4418938194105308416,228.9080097762516,0.0807018301120538,0.085043624,0.08502634,0.07189835691913163,0.11095642,-4.46897115855773,0.11494889,-6.690697131025081,0.09905707,17.539732,17.842953,17.080904,0.7620487,1.0337907,0.0,window,13.40982251153245,0.012425016350834801,0.9964698654860623,0.0,False,,
4418718360498798336,229.0811253246468,-0.3516422530119002,0.25341862,0.21522602,-0.21384206654285864,0.28311834,-1.744556723057426,0.32700515,-3.526489234518345,0.2847321,19.223352,19.65762,18.94173,0.715889,1.0708735,0.0,window,14.834435358680281,0.01,0.9745081972919709,0.0,False,,
4418721044854050816,229.07802664116264,-0.2904710765741379,0.13101186,0.13352934,0.09326018883386722,0.15969019,-2.8501617033111684,0.17442612,-2.728461131389419,0.16340353,18.364067,18.701584,17.876648,0.8249359,0.9441916,0.7755937587441863,window,11.24820784629901,0.05599370512614954,0.9926538278827209,0.6956001930546054,True,,
4418722036990808960,228.9444958546579,-0.3355135269637073,0.2624101,0.2504739,0.3283504200097851,0.32315433,-19.89491328103312,0.323687,-22.248669943057642,0.31451294,19.296488,19.971298,18.554066,1.4172325,0.9486087,0.0,window,14.214891049680784,0.01,0.01902013495108535,0.0,False,,
4418724343388937856,229.04529064069087,-0.25863192196618856,0.09100688,0.085502245,0.22826649286196046,0.109936126,0.2251633205762828,0.11375937,-13.305591576683694,0.10942786,17.700853,18.033222,17.168962,0.8642597,0.9741816,0.0,window,8.932850713173574,0.1676117092055508,0.9858609538717,0.0,False,,
4418726091439986432,229.04640558942833,-0.1642087081430242,0.76408756,0.67625195,0.9753149599880631,0.78286034,-1.9885152203972631,1.1581666,-3.661623298770072,0.9988845,20.359823,20.817583,19.927687,0.8898964,1.1257186,0.49304036612023366,window,3.4821706027466894,0.7395241617632483,0.6022331645758424,0.6030015646653866,True,,
4418726091439989376,229.04288392518987,-0.15669715017206493,0.8059083,0.6394802,-1.61540725849883,0.8487615,-2.8628753400017626,1.1186608,-1.845029408981603,0.9050724,20.4168,20.582727,20.159128,0.42359924,0.9646926,0.6692237670232245,window,2.984405307280904,0.7866771696559834,0.6373967132368702,0.7445558100980448,True,,
4418727190952273792,229.26551205879622,-0.1967821879210618,0.48153305,0.3660662,0.1723169307959572,0.5420457,1.0106444676247877,0.5711844,-2.864701557082815,0.43971112,20.031128,20.431746,19.444674,0.987072,0.97257775,0.0,window,15.484489485693883,0.01,0.34320136906923515,0.0,False,,
4418727912506780032,229.2391545911421,-0.1946293750327563,0.4787238,0.36522767,-0.3464578558521111,0.49575722,-6.358645127209203,0.58947986,-3.3820410009166846,0.44912407,20.046951,20.504284,19.47056,1.0337238,0.9884024,0.0,window,13.954774076201277,0.01,0.22246835515172747,0.0,False,,
4418729802292397824,229.24384843737747,-0.13502782315095208,0.34153634,0.2734068,0.9368674614933705,0.37967613,-7.844843011327014,0.40441588,9.167074538721206,0.32995197,19.593937,20.868143,18.40017,2.4679737,1.0298342,0.0,window,13.390863508443019,0.012639742922333627,5.775040376508797e-17,0.0,False,,
4418729944026340224,229.25562247389604,-0.1234142083047228,0.16024491,0.13701147,0.010838871485115876,0.1805101,-2.9921009649320744,0.18652268,-13.680416956760356,0.16372843,18.408012,18.794743,17.933428,0.8613148,1.0999656,0.0,window,14.041225982013508,0.01,0.9725829044520573,0.0,False,,
4418730626925437952,229.13748854371474,-0.1970574987437401,0.22076805,0.2269409,0.4605762873390474,0.26500857,-17.294364940972805,0.27820802,-1.6613576729731585,0.28264362,18.975029,20.319805,17.951975,2.3678303,0.9294455,0.0,window,8.624912835903693,0.18946532503545646,1.6655198888205448e-08,0.0,False,,
4418730764364400640,229.14757240160014,-0.1760806408306863,0.71897054,0.5946155,1.250270661328258,0.79993427,-20.135369312609413,0.89565074,-3.758580556809783,0.7704319,20.439209,21.036413,19.680843,1.3555698,1.073758,0.0,window,8.474932703559448,0.20077801948348364,0.012372904971936325,0.0,False,,
4418732791593809152,229.20457909172498,-0.1296892542344192,0.09404376,0.07215239,0.05067178288264995,0.08958427,-2.651514793650354,0.13403186,-2.55403089361303,0.09819643,17.361805,17.57222,17.018066,0.55415344,1.0073332,0.6945226479388853,window,11.014330766421624,0.06361640752669133,0.853540780313,0.5888601870274759,True,,
4418733341345758720,229.2522996917539,-0.09591077143997989,0.6340877,0.5061022,0.48014270155280797,0.670321,-6.5384347930506195,0.8055958,-6.767004094004975,0.61385876,20.415457,21.58892,19.163507,2.4254131,0.97028667,0.0,window,13.855969343682373,0.01,5.260474710731968e-13,0.0,False,,
4418734337777215360,229.17462193505776,-0.04279458865132128,0.3449712,0.28649336,0.7624477292832442,0.36825132,-4.218793437430646,0.44352555,-19.55828484884882,0.36565518,19.716331,20.36697,18.867788,1.4991817,1.0609525,0.0,window,10.050328757089721,0.10301626080224068,0.0003087213520199879,0.0,False,,
4418911324789160320,228.85874524743303,-0.23558633974564938,0.16218553,0.14716892,0.5838459586693836,0.18312243,-6.238904877780229,0.23362027,-5.1761747421029245,0.1972303,18.468239,19.393238,17.494791,1.898447,0.9899151,0.0,window,12.295167548930825,0.029541945405226946,0.0025556595673406576,0.0,False,,
4418911844480415232,228.92789165229337,-0.2039736194455987,0.5517653,0.496172,-0.4899331165322846,0.615904,-3.5590939532402066,0.8661648,-1.9316590790101074,0.7169945,20.052746,20.38688,19.598177,0.7887039,1.0769887,0.3867826846385842,window,7.907813688110881,0.24756495925583327,0.9541008961590434,0.4075184773719847,True,,
4418913111495578112,228.94703653211062,-0.20644593063419742,0.40847722,0.31136826,0.4624809823632867,0.43216613,-4.1446572048486825,0.5535066,4.437585054214083,0.44948697,19.720404,20.008718,19.011152,0.9975662,1.0437751,0.0,window,7.2498941530074195,0.30966537333639405,0.4359223706892213,0.0,False,,
4418913317654017152,228.9403237229519,-0.19392749727779965,0.5077563,0.39106095,0.09909497742849259,0.51391953,-2.4122105101526135,0.7256459,-2.7180496062465576,0.53481394,20.027035,20.381683,19.475437,0.9062462,0.9697346,0.9038990313390993,window,6.953914720276591,0.34017486900126703,0.618627654216047,0.8302538574326,True,,
4418913390669387776,228.91724357123704,-0.18150419994810937,0.124793835,0.122861445,-0.06447793970626253,0.16055134,-2.987135822764949,0.17698893,-2.7014444981480543,0.16473602,18.04496,18.197006,17.221678,0.97532845,1.04939,0.43592285812591297,window,7.551310171853721,0.28020013814517164,0.8817775609009879,0.4605306294468328,True,,
4418913626891691520,229.00682786773694,-0.16417712930955972,0.45939338,0.4494123,0.30047775221840467,0.56618136,-1.5809087293725455,0.7215402,-2.902693558177328,0.64450413,19.974045,20.387745,19.377413,1.0103321,0.9336032,0.2679616808034144,window,3.2816889261381506,0.759241202617928,0.270861644441357,0.35477605458979916,True,,
4418914043504415104,229.00833496351305,-0.13412822397174665,0.04341481,0.0385774,0.08236898788882976,0.05019367,-2.8749510000555585,0.058607712,-2.6227329972179105,0.04639606,16.177767,16.71596,15.450459,1.265501,0.97840697,0.43947553581294563,window,1.5778179272550819,0.8827249137497659,0.5636845606778882,0.6104746245604473,True,,
4418914795122864384,228.95707693018278,-0.11689621559043344,0.041906647,0.037524983,0.10211504665904925,0.04837836,-2.6379338747701855,0.054162744,-2.657593945369413,0.047113936,16.199625,16.686708,15.551192,1.1355162,1.026552,0.7202126759022004,window,3.9023366868227805,0.6954013235235253,0.7421583884710864,0.7807878073990008,True,,
4418914898202099072,228.96467747929984,-0.10404440436987074,0.46993744,0.36726987,-0.7738606589204374,0.4780534,-0.7632120044582693,0.75708157,-3.4391306427343,0.58284026,20.024918,20.328497,19.591166,0.7373314,0.974243,0.01502673262696235,window,3.46314442673164,0.741434959814497,0.9994809360004514,0.03145922781247913,False,,
4418914936857620224,228.983763211623,-0.10162674814487101,0.030819358,0.028025497,0.0028935075776365792,0.03659494,-2.7410683244183165,0.03876402,-2.6414579185767355,0.032796886,15.528982,16.128376,14.783731,1.3446445,0.9431309,0.9876503460364298,window,2.365153167280137,0.836158620030153,0.45640202575671535,0.8491524450456875,True,,
4418915825914943232,228.84074865125365,-0.1673376609903142,0.35773143,0.34466043,0.8858781324998901,0.42581895,-3.962667199560216,0.48677945,-9.872603157145269,0.42085314,19.625978,20.771519,18.502382,2.2691364,1.0715382,0.0,window,11.371919126637787,0.052235707707396856,7.03304095167002e-14,0.0,False,,
4418916925426628224,228.78552261080063,-0.12598682513192472,0.11247557,0.09532424,0.36598940484220394,0.11867797,-3.130327886602812,0.15449315,-6.752051843533551,0.12524007,17.687313,17.953005,17.240332,0.7126732,1.0644758,0.0,window,14.208861318778824,0.01,0.9798290177731634,0.0,False,,
4418916929721906688,228.78734486036043,-0.13600729985290444,0.5174793,0.5038385,-0.9967831704173461,0.60194504,-4.626171019982346,0.81223696,-5.0733227333382995,0.77902174,20.115778,20.660297,19.178543,1.4817543,1.039382,0.0,window,14.149269802227325,0.01,0.0001780234476308097,0.0,False,,
4418916994146120576,228.7826839176956,-0.11617388810970243,0.41162187,0.38984343,-0.14254918061286576,0.46508366,-8.828103044611716,0.5238575,-8.041423050920582,0.46373045,19.823088,20.76468,18.92787,1.8368111,0.9735483,0.0,window,14.35556110298342,0.01,2.7187980285687537e-09,0.0,False,,
4418917853139595776,228.86157793478498,-0.10655356740395476,0.093398616,0.0788403,0.20619535022127247,0.10351885,-0.7662089179994707,0.11460969,-8.40862057944975,0.094067365,17.417648,17.717222,16.952744,0.7644787,1.087474,0.0,window,9.624069867999324,0.1250537231254228,0.9968217476538835,0.0,False,,
4418919846004711808,229.05353414418585,-0.11235273618285237,0.62591404,0.5254717,1.2940566266316367,0.68297905,-3.317820843008697,0.9018585,-2.4548901515849413,0.7319092,20.425604,20.295313,20.0732,0.22211266,1.0125679,0.7817975980290538,window,1.8985823176044603,0.8660296551259125,0.20507451997918638,0.7039321952587309,True,,
4418920086522610048,229.05395978686033,-0.092294558385271,0.6278462,0.5163535,-0.054631508404566834,0.7051731,-2.7585866869718054,0.86663616,-2.9024975572875333,0.681729,20.325542,20.488325,19.671114,0.81721115,0.93526703,0.9365319943055372,window,2.245416218890822,0.8444490302863588,0.8003082388087852,0.9244694976123496,True,,
4418920155242104064,229.0494869136478,-0.08095049183696498,0.45354998,0.44820136,0.2180337292901805,0.5391097,-1.2772774202365604,0.6371085,-3.1504510201085334,0.6192538,19.970728,20.217695,19.374577,0.84311867,0.906256,0.057827218190425814,window,2.4741742389504022,0.828241390341952,0.8573517595403086,0.12769353032278613,False,,
4418920571854711552,229.05607315431303,-0.06609462196955718,0.26806176,0.23824804,-0.17908704634403466,0.3048182,8.239859384026914,0.35859516,-20.552946123652212,0.31009543,19.37714,19.82932,18.829683,0.9996376,0.9368862,0.0,window,3.414490021896018,0.7462842282688079,0.5769630226543314,0.0,False,,
4418920812372881024,228.99085575652757,-0.09832819158322376,0.08554387,0.0802646,0.0900490083710746,0.10368385,1.3532478312251108,0.11293536,-16.22368177396359,0.0981065,17.57202,17.860592,17.127432,0.73316,0.961023,0.0,window,2.025728575690139,0.8585416991426233,0.9885413030665481,0.0,False,,
4418920945516088064,229.0088127769964,-0.07960157850783435,0.67994845,0.65791947,-0.3824412817077511,0.7721024,-3.315623816404559,0.96235937,-4.449636066267096,0.9122803,20.358225,20.476032,20.10385,0.37218285,0.89362186,0.12279139094978922,window,2.0742770892292683,0.8555528814072537,0.4393348557695284,0.22935117795362125,False,,
4418920945516090496,229.00755962458285,-0.07825173874505695,0.30813545,0.29221883,-0.24170818454400417,0.35553965,-3.2836545602322573,0.41033962,-2.3414937232406863,0.3726022,19.520422,19.603018,19.307653,0.29536438,0.9635929,0.30504103352523043,window,2.1780513346317885,0.8489250383047744,0.07286893350518218,0.39075138011327853,True,,
4418924656367908992,228.98205079287266,-0.019636108220064303,0.5623293,0.5033607,-0.6638129364440375,0.6685644,-2.0573037442602495,0.799764,-2.5982443099589436,0.69710577,20.249098,20.643711,19.87784,0.76587105,0.94856256,0.7036818763846533,window,6.0135778394989465,0.44577026845133855,0.9325457345503586,0.7622613995388228,True,,
4418925206123728000,228.8990432454483,-0.015547164440818599,0.26917467,0.2355447,0.3906697305306305,0.30068251,0.3833738308940481,0.36880663,-2.406868975391124,0.32695767,19.344099,19.735521,18.773626,0.961895,1.0322541,0.0,window,9.35689796559999,0.14046768128393552,0.6900513598048463,0.0,False,,
4418930948495721600,228.76919703696177,-0.039615186181544804,0.08408932,0.08407875,0.13452178849654023,0.10376223,1.320231325657525,0.107863955,-6.059514112326294,0.102423444,17.607622,17.9011,17.163528,0.7375717,1.0072625,0.0,window,15.765319255769672,0.01,0.9900620463674734,0.0,False,,
4418923969173595136,229.1162145846865,0.05704816530706155,0.35629395,0.28969386,0.4250308570550458,0.37004694,-3.4958486294161775,0.48064,3.980936967450265,0.3755196,19.62887,20.782227,18.485897,2.2963295,0.9532853,0.0,window,11.593734466299827,0.04594909400337763,2.0952295432550996e-14,0.0,False,,
4418925652800728192,228.90850263975773,0.021289883983143118,0.31114253,0.29219025,0.9592788099384933,0.3875827,4.741566920162013,0.42406785,-15.186206970512327,0.39988574,19.490334,20.795313,18.386398,2.4089146,1.1063995,0.0,window,10.481749932287373,0.08369971376327899,3.3873328356347655e-14,0.0,False,,
4418926271276014464,229.0507782841588,0.017229009902627088,0.18644387,0.1585761,-0.2745321434682952,0.20680986,-7.924494510341393,0.23733854,-9.827806396157122,0.19593509,18.668163,19.112005,18.093102,1.0189037,1.0411624,0.0,window,7.921560283700911,0.2463559177346219,0.7277698577294298,0.0,False,,
4418926374355245440,229.06150957044224,0.02994091909939879,0.5856719,0.46956038,0.1339390916606614,0.60481316,-5.71233180912372,0.80915874,-4.1939874048709855,0.62755364,20.22059,20.469976,19.733458,0.73651886,0.98867047,0.0,window,8.8187231520361,0.17549729613068,0.9795104936593875,0.0,False,,
4418937438191005824,228.87855831266018,0.03348985390070135,0.331238,0.30230758,0.2711190766258434,0.39360806,-6.810403877270809,0.44766012,1.6796333973903375,0.39634788,19.765251,20.160648,19.37782,0.7828293,1.0291806,0.0,window,12.237327220281697,0.030710922102805224,0.9925835248028846,0.0,False,,
4418938129681045248,228.87246093429152,0.0710914447625861,0.03395182,0.030889383,0.05634713010723494,0.039945975,-4.00314477416251,0.04354563,-2.7478655628692596,0.037188344,15.892092,16.451668,15.178872,1.2727957,0.8996816,0.0,window,14.161539783788928,0.01,0.5535863567880281,0.0,False,,
4418938881300083200,228.87242294832018,0.08794062512851904,0.09874296,0.090115346,0.11344351029971816,0.114249416,-9.40296561141093,0.12876295,-6.171455284102348,0.11309242,17.919304,18.277815,17.424675,0.8531399,0.98813206,0.0,window,14.959116118122383,0.01,0.9872882108395675,0.0,False,,
4418939705933813120,228.9347632297071,0.09650546955853621,0.19814518,0.17492206,0.43560020019872203,0.23289111,-1.003652817099585,0.25620678,-2.7014590356970456,0.21366414,18.913107,19.458094,18.341522,1.1165714,1.0523306,0.0,window,13.536706682495158,0.011047513904771199,0.4581290735682557,0.0,False,,
4419016469883424640,229.20516895446204,0.01265402510907489,0.14218497,0.120164804,-0.015222245554110902,0.15716535,-0.8721303427708043,0.18675098,-0.18320387634878613,0.1500116,18.393435,18.654533,17.416775,1.2377586,1.0007565,0.0,window,13.285149679075925,0.013880616622534946,0.39116453718874794,0.0,False,,
4418719116413044096,229.0726800493907,-0.3468046003625348,0.30782124,0.25559345,-0.22366414736406307,0.34697717,-1.2994666285284058,0.39397898,-3.4641813904636227,0.3252012,19.210646,19.84673,18.215712,1.6310177,1.1611246,0.0,window,14.43742731907677,0.01,0.0016039067703889072,0.0,False,,
4418720220220363264,229.1871949943202,-0.3080912384452482,0.5407608,0.49965656,1.0846520709924323,0.647225,-12.303206168946144,0.6662072,-4.082419328565581,0.62699866,20.010248,21.303303,18.928823,2.3744793,1.1403812,0.0,window,15.406235678807967,0.01,5.024910618564112e-22,0.0,False,,
4418720662601280000,229.1038383243055,-0.3170468129235225,0.47610807,0.40972534,0.6776016798259193,0.5507505,-1.2683593241597533,0.617496,-1.9680807871755908,0.52399933,20.06393,20.312796,19.56378,0.7490158,1.0149053,0.028538478561725845,window,13.27102570458224,0.014052083728287338,0.9959230023058264,0.012566879053387265,False,,
4418721315436321792,229.14879257353033,-0.270526004418728,0.14022176,0.12807497,0.1584553347219695,0.16568068,-3.441497524050493,0.18257618,-1.8666460106898228,0.15648943,18.391262,18.650854,17.981272,0.66958237,1.0211797,0.0,window,12.202167858016981,0.03143673333626333,0.9423362252031352,0.0,False,,
4418721968271333888,228.97471913610468,-0.33200606408891714,0.6497889,0.58454144,-0.16177974143136803,0.76877743,-2.6947890819708977,0.8492024,-1.7783368618323223,0.85790443,20.372984,20.60795,19.847267,0.76068306,1.1226782,0.5976323854492349,window,13.52395987923811,0.011181281062920958,0.9053753290784563,0.36637421560233857,True,,
4418722518027160960,229.0184431100711,-0.2828631258995594,0.37405634,0.32416442,1.2750350078478363,0.4282252,-11.505018125642978,0.47070748,-9.715481281799702,0.43110982,19.770609,20.227413,19.103386,1.1240273,0.9895538,0.0,window,10.277880618489105,0.09246923144443181,0.12295111352449783,0.0,False,,
4418722689825850624,229.00522718101135,-0.2913226975656223,0.769697,0.6354031,1.045407972460852,0.8591737,-3.681600709471157,0.93566966,-2.16674305048131,0.8966426,20.441675,20.711374,20.331871,0.37950325,1.160822,0.5183153623344187,window,10.829664237231862,0.07013655837831934,0.5522342762942128,0.38304734827925174,True,,
4418722999063493504,228.94064835525896,-0.29901530692186534,0.24763834,0.22601649,0.1219816879950325,0.30458596,-6.539381483172187,0.2887415,-11.114077049558729,0.27896756,19.09563,19.576672,18.386795,1.1898766,1.0258907,0.0,window,12.256210147631013,0.03032588295552851,0.25535799384940105,0.0,False,,
4418725026288072192,228.99484951307906,-0.25024969656510404,0.44406515,0.37259194,0.44328609129491664,0.45795703,-2.270835984482419,0.6279858,-0.7753045486251318,0.5537405,19.87903,20.40295,19.357782,1.0451679,0.99928844,0.0,window,8.475828686742739,0.2007091249205552,0.22348277856459198,0.0,False,,
4418725232446508032,229.01046349259303,-0.22426783620241275,0.28499037,0.21730126,-0.1283640681130992,0.29026031,-1.5474707984400218,0.37197223,-0.6315946226776996,0.2828365,19.185411,19.51866,18.80849,0.71016884,1.0728419,0.0,window,6.79480715487636,0.3571780802205729,0.9693705010281031,0.0,False,,
4418725958296689920,229.0232810895809,-0.17993145742730954,0.81177187,0.6636352,-0.1535898287337969,0.82707226,-2.1741537965016713,1.2288822,-2.8497938930051405,0.9897894,20.472818,20.790632,20.365402,0.42523003,1.0760448,0.8860423325482042,window,4.1007247787681855,0.6734309836274429,0.6870674291231333,0.8610274959293732,True,,
4418726061375105152,229.03171986254688,-0.15938879023029928,0.766798,0.6597702,1.0744085422602245,0.92131245,-13.310621918060004,1.039391,-2.981740855304889,0.8903053,20.425215,21.170576,19.26742,1.9031563,1.0318694,0.0,window,2.9272362567077987,0.7916915211165886,8.791074528933214e-07,0.0,False,,
4418727603268456704,229.1445359412692,-0.21482613638856968,0.2598039,0.21903925,-0.3393005952053769,0.32421958,-4.368427728806308,0.2767682,-2.896696757952406,0.2573575,18.93825,19.227928,18.423363,0.8045654,1.1177489,0.0,window,9.617824502420788,0.1253996155362431,0.9939607865361575,0.0,False,,
4418727981226257792,229.2259764917441,-0.1863983102198966,0.15484503,0.13659595,0.3947585482579324,0.17395341,-12.235178031045187,0.18671714,0.377209800409859,0.16285968,18.4299,19.186707,17.619772,1.5669346,1.0794804,0.0,window,13.04111334528636,0.017038612712035665,0.056814164190687674,0.0,False,,
4418727981226258688,229.22490510126948,-0.18191567367424608,0.37678406,0.2787336,0.25137580034808815,0.37896383,-4.403950061228183,0.47553492,-3.707406865400508,0.3438737,19.706612,19.921528,19.42128,0.50024796,0.9319527,0.0,window,12.890258008370148,0.019206673801424108,0.3650804272606136,0.0,False,,
4418731039242312448,229.13425260953434,-0.16064535672293068,0.12110287,0.102949716,0.12240070255795779,0.13720052,-3.4301044518369483,0.15417036,-1.974931051040396,0.12706475,17.938131,18.297005,17.40963,0.8873749,1.002758,0.0,window,7.3554489177287765,0.2991569865645353,0.9689369408011757,0.0,False,,
4418731898235937408,229.06849513375104,-0.164694388588924,0.5308361,0.5778988,0.4368909262285893,0.5531909,-7.760545689418576,0.78747016,-4.445777296373642,0.7374212,19.463354,19.935192,18.22286,1.7123318,1.0218964,0.0,window,4.23844363737959,0.6578193716928176,4.572359742380823e-05,0.0,False,,
4418732791590954752,229.20377517853794,-0.13063854075170137,0.34371668,0.25581408,0.17043588748443142,0.31343463,-6.130877799505671,0.49027577,-2.5336278255661084,0.3477267,19.331594,19.635595,18.86146,0.7741356,1.0195018,0.0,window,10.972115383218352,0.06506703082587814,0.9996675709333028,0.0,False,,
4418732997748068096,229.19563538442384,-0.1146833292739736,0.48094848,0.40004775,0.9563048082899007,0.50981015,-16.91207210034927,0.62274855,-11.623100532870717,0.47702906,20.038305,20.780693,19.11299,1.6677036,1.044345,0.0,window,10.425744785971466,0.0860464698782912,3.0125348266549e-07,0.0,False,,
4418733272625976576,229.25246347469522,-0.10200289966256447,0.08311579,0.06845039,0.07471233717811471,0.09192995,-5.2716596113255445,0.10328066,-1.261679192213805,0.08246273,17.454306,17.826052,16.928854,0.8971977,0.9682858,0.0,window,13.845761324862588,0.01,0.9750084609397445,0.0,False,,
4418887341691732224,228.85466740355196,-0.30761089502592076,0.49932504,0.43157434,0.013262470127626567,0.5234747,-0.07519453673918211,0.7419751,-8.734410238914753,0.5931312,19.898624,20.686577,19.145609,1.540968,0.94787663,0.0,window,15.459393980782025,0.01,9.997426084250247e-06,0.0,False,,
4418910843752787968,228.8664740476803,-0.28549920359361153,0.3665654,0.30712715,-0.28522769940144843,0.3890056,-0.6642855490527126,0.512255,-3.0845385638378957,0.4279799,19.674536,19.907036,19.241665,0.66537094,0.94219244,0.0,window,13.99403604597512,0.01,0.8748093893456349,0.0,False,,
4418913214574810752,228.993885863245,-0.1844970997301901,0.69314253,0.6252433,0.8345089055008973,0.7345988,-1.244139206938971,1.1708353,-2.715427272675636,1.139024,20.353727,20.590988,19.951756,0.63923264,1.0316323,0.44893875210826434,window,4.685679641982049,0.6055220667713598,0.9943008728809879,0.5890188875017766,True,,
4418913592531934464,228.9963437023614,-0.1821270516583198,0.77424246,0.6154974,0.774126041120436,0.77393955,-3.7322909178306576,1.1532909,-4.33020990498407,0.9372845,20.448238,20.80366,19.830671,0.9729881,0.9394681,0.14142920058416672,window,4.5008746696898765,0.6273862587132845,0.38953889096776884,0.19184953204632732,False,,
4418914284022586240,228.93775780116866,-0.16291205153150265,0.32628202,0.2852505,0.5671485459249447,0.3590892,-1.6626996740918027,0.43445256,-12.271740582869331,0.38899347,19.634033,19.92258,19.172403,0.7501774,0.9735867,0.0,window,5.913215185210195,0.45763810898660656,0.9976828022172582,0.0,False,,
4418914795122855808,228.96514886906598,-0.12138619701298388,0.56299156,0.5011277,0.4607403888227668,0.61500776,-2.577132983722329,0.8701598,-2.816757903433744,0.8260983,20.376217,20.828112,20.077425,0.75068665,0.87612885,0.9662253354681792,window,3.455316752971464,0.7422187388346194,0.9214155236042767,0.9643458387217569,True,,
4418915104360818944,228.95729643184694,-0.10951168338276823,0.6835843,0.57711935,0.3934449338453299,0.70110875,-3.4812153043026948,1.0804579,-19.601512145802833,0.94559556,20.363499,21.28379,19.151426,2.1323643,1.070705,0.0,window,3.878231362462496,0.6980252106518602,7.650077530898455e-10,0.0,False,,
4418915791555200128,228.82657527426858,-0.17122996820703615,0.21615556,0.20152354,0.383050068081522,0.24697164,-10.309475111383598,0.28332472,2.2462608440885763,0.25438324,19.02173,19.608574,18.459482,1.1490917,0.99949205,0.0,window,12.253424527509848,0.03038247559517632,0.3550516360693052,0.0,False,,
4418919639845936000,229.0344719746616,-0.14167889588236304,0.16807967,0.15543702,-0.07296342028905357,0.19262113,-2.414193209762365,0.24413757,-2.805000671926126,0.2022162,18.551184,19.04253,17.967062,1.0754681,1.0780642,0.39044619125635155,window,1.956031218851485,0.8627073267064556,0.6440148804999305,0.5740397552826192,True,,
4418919708567119488,229.03095862183847,-0.13119451453108436,0.79237837,0.6386596,-1.3601633537851714,0.83289766,-1.4327450366877277,1.1786964,-2.7650710381979233,0.84329945,20.478313,20.775135,20.058945,0.71619034,1.0593889,0.5434222989772205,window,1.295226599790771,0.8948241562750742,0.949125337487524,0.7684099228686472,True,,
4418919712861244416,229.03467105935528,-0.12725491012866003,0.069150284,0.06087947,-0.11828335635161297,0.07882854,-2.8181604557396738,0.09319663,-2.6562443424146975,0.07518009,17.083298,17.581512,16.428219,1.1532936,1.0239811,0.8120969706927283,window,1.212201294292718,0.897915966639984,0.718526460803847,0.860185882432831,True,,
4418919811644676480,229.0766125674007,-0.10970014829259424,0.54133874,0.45761594,-1.278806971527852,0.5949014,-2.4997421611721715,0.76183707,-2.4351013898384135,0.61402696,20.137882,20.533323,19.779726,0.75359726,1.0579437,0.898701744547029,window,3.2847263509403333,0.758949521144847,0.979407996744194,0.9461404396323849,True,,
4418919983444980352,229.00772220692204,-0.1176074831097528,0.50245625,0.43840748,0.8170505652108492,0.6006544,-4.96943688887111,0.6876124,-3.450080932987243,0.5687234,20.007288,20.283169,19.562578,0.7205906,1.0493135,0.0,window,0.9238809805224244,0.9070315404904035,0.9871285724095922,0.0,False,,
4418920017803108096,229.0231207513176,-0.10825562269915798,0.57429874,0.5289763,1.41182771946372,0.6752858,-1.6682715094395069,0.8036728,-3.4012682597589605,0.7712979,20.38578,20.484192,19.789337,0.69485474,0.95902306,0.2668913566958821,window,0.21361253605992775,0.9189042502598493,0.9856614710589039,0.537382064791608,True,,
4418920017803127040,229.01818655753405,-0.09678047535748867,0.6232061,0.52502376,-0.0767423284985032,0.7105778,-2.192344533950561,0.86417454,-2.378283028924685,0.69841355,20.341166,20.36356,19.796755,0.5668049,0.98543817,0.7654102916226476,window,0.9166615993603889,0.9072276430983444,0.9052552205901547,0.8876068036083851,True,,
4418920670638214784,229.0760205382071,-0.05501390502470369,0.5556571,0.51744825,-0.46099396623526023,0.6167313,0.29386655835903813,0.81332296,0.4416266180615614,0.7290791,20.31859,20.222124,19.959986,0.26213837,1.0383419,0.0,window,4.698045090974667,0.6040488301514062,0.17416734494702427,0.0,False,,
4418920979880789120,229.0279782384362,-0.06440151652049007,0.2953769,0.25957915,0.227530456818037,0.3333654,-11.499015489240133,0.38023528,-0.2608768083329316,0.3325703,19.404655,19.951607,18.899265,1.0523415,0.9706063,0.0,window,2.855295092686262,0.7978768996475343,0.4255555817518434,0.0,False,,
4418921220394032512,228.98727599096668,-0.05321174807670086,0.17253782,0.14360607,-0.2276396366932917,0.1973311,-2.518934111027143,0.23028463,-2.438862358148201,0.17311162,18.482918,18.976427,17.935635,1.0407925,0.9600039,0.39360434111260184,window,4.072937453199579,0.676546757336578,0.7235954462040832,0.5170777625671789,True,,
4418921907588794368,229.11901577735742,-0.05654452164899852,0.08816432,0.07943138,0.22115448363361806,0.10342846,-8.125308345596753,0.112524845,-1.1162639247904698,0.09718781,17.62447,17.852346,17.246876,0.60547066,0.9425702,0.0,window,6.69814592667495,0.36770047338010425,0.9004896541113866,0.0,False,,
4418924140972103680,228.95509513701913,-0.05539694469315142,0.453047,0.3820041,-0.5567176370386947,0.50207174,-2.359384840284077,0.63282645,-3.0153602623205344,0.53954685,19.999315,20.413958,19.521072,0.8928852,0.94845676,0.6810307127193315,window,5.238125844566492,0.5389371077480324,0.67519267652224,0.7106128131208094,True,,
4418931219078182144,228.8352849327747,-0.016880153574952553,0.3734207,0.36261937,1.2386698025827747,0.4629853,-24.591916133518758,0.49903852,-1.9478867274224094,0.4586467,19.813847,20.89512,18.733936,2.1611843,1.0666499,0.0,window,12.556625414501099,0.024633280356267103,4.69884346482928e-15,0.0,False,,
4418931326452932864,228.84995545897772,-0.01062049419540206,1.1292014,0.7872934,-1.4543491736418392,1.2177165,0.598565586015273,1.3202322,-4.813430504270003,1.130431,20.380163,20.244738,19.642778,0.6019592,1.1259304,0.0,window,11.964197633430405,0.03666183849721766,0.9718398256519097,0.0,False,,
4418925068685178368,228.9848378906707,0.02293107574588214,0.27260557,0.23165786,0.025618910103716204,0.3072761,-2.8773440054222865,0.36152846,-2.3922818858611623,0.29827338,19.354145,19.853666,18.77443,1.079237,0.9530563,0.6549437499861729,window,8.37257058978136,0.20875309228290423,0.38026471581358734,0.5515610064419972,True,,
4418925652800742656,228.90621444930164,0.03208741408176387,0.2569385,0.24950324,-0.11530820120089699,0.3309496,-14.906407014319107,0.3516983,3.9728138887057587,0.33171847,19.3204,20.183035,18.379913,1.8031216,1.0230302,0.0,window,11.068198037396126,0.06179907276766221,3.268580288044347e-05,0.0,False,,
4418928401579936256,229.03777533951023,0.1390737196280162,0.12592627,0.12274799,-0.08023387164110872,0.15322761,-1.7011650881855256,0.16188347,-6.756287549682442,0.14802487,18.269972,18.683876,17.683842,1.0000343,0.9898428,0.0,window,15.07055476676285,0.01,0.8248463162860273,0.0,False,,
4418931562675712384,228.80426129844156,0.008666601409388292,0.16260603,0.14202487,0.17159408466042558,0.18314302,-10.410923039471797,0.2214889,-7.91552176961209,0.17931475,18.600643,19.110796,17.97066,1.1401367,1.0475771,0.0,window,14.919441291821764,0.01,0.5058532757338825,0.0,False,,
4419016431230937088,229.2300654238351,0.019868414839697153,0.6363982,0.57909864,-0.3079580253641214,0.6849121,-2.8172520564508305,0.8989021,-5.047775831262299,0.737171,20.384043,20.447033,19.811682,0.6353512,1.0785576,0.0,window,14.772266047363319,0.01,0.9960008116447284,0.0,False,,
4418698328771325568,228.94225375544787,-0.3632992723082854,0.32358316,0.30886924,-0.41737350326429296,0.37175444,-1.6784263018240435,0.43441144,-2.0884357642259137,0.40776664,19.560444,19.95547,19.13312,0.82234955,1.026111,0.024979257316875534,window,15.840002714234236,0.01,0.9593646247971375,0.009819400551486,False,,
4418719391292487040,229.03902248155808,-0.33020245172959584,0.6586072,0.544122,0.9280799822394009,0.75595653,-14.257157265173046,0.9373659,-4.272047550496682,0.8502033,20.20715,20.575142,18.781881,1.7932606,1.0252917,0.0,window,13.156320024710766,0.015495456198538624,2.8409820432293206e-07,0.0,False,,
4418720353364593536,229.16036404926032,-0.3097326186841385,0.3116536,0.26943323,-0.09298233192808512,0.35606852,-0.5748219341566168,0.38225767,-13.138018154811022,0.33017546,19.489359,20.031744,18.768686,1.2630577,0.92387015,0.0,window,14.503224373675616,0.01,0.058513009533503184,0.0,False,,
4418722487963064704,229.0124833394462,-0.2951163860826596,0.29098365,0.26737097,0.20517027440454755,0.36652243,-3.487877510271483,0.3709297,-0.3020129140542298,0.3577448,19.307335,19.819305,18.319134,1.5001717,1.1187083,0.0,window,11.025469315792131,0.0632375402988087,0.006116010645318261,0.0,False,,
4418722999063492992,228.94632110037327,-0.30071821240693647,0.45767,0.44075233,-0.6736882304154044,0.55367565,-17.155710320790327,0.6540676,-8.138951218572046,0.6928057,20.093996,20.604343,19.212065,1.3922787,1.0050322,0.0,window,12.219666443138196,0.031074052140466307,0.0010015029562055044,0.0,False,,
4418723926776431104,229.0492196374513,-0.2925867001351593,0.3408468,0.28304783,1.0411391160279493,0.3802082,-8.689566681892783,0.43770507,-2.371787252239254,0.38666552,19.664404,20.825478,18.613873,2.211605,0.93951523,0.0,window,10.982220330372835,0.0647176739790074,1.8314743092908955e-13,0.0,False,,
4418730661285350528,229.1472673777395,-0.1943690940003835,0.47984457,0.39125293,0.24814108876062402,0.5595266,-12.514069546166057,0.5687195,4.106501856656283,0.50216883,20.02839,20.984245,19.079748,1.9044971,1.0115594,0.0,window,9.01351838634776,0.16218822084661702,3.578836070593612e-11,0.0,False,,
4418731623357859584,229.08664782660733,-0.17699144727974783,0.48469946,0.4047449,-0.024539434068016352,0.51934344,-3.8841433614585235,0.6605756,-3.4718631994555023,0.5587373,20.035028,20.293253,19.670998,0.6222553,1.0244381,0.07964451675597538,window,5.5214041223104475,0.5046176466612928,0.7831734315353556,0.11237193821824197,False,,
4418731829516302208,229.09492530275043,-0.14489865175858607,0.3871192,0.36097482,-0.22019872210522856,0.4248641,-3.6225781220416247,0.54578793,-2.4113785712100206,0.46412814,19.700495,19.971798,19.551342,0.42045593,1.014062,0.2406544191835874,window,4.815527940842231,0.5899981667714354,0.1820132522675353,0.27238749255555084,False,,
4418732207473429632,229.14004053285836,-0.12260635312528653,0.63835335,0.52932054,0.2409457604299121,0.685758,-1.5692511679158234,0.88590175,-1.379432406530826,0.74692684,20.184162,20.537872,19.849806,0.6880665,0.8888574,0.1025030925966164,window,7.119113744076517,0.3229603280050983,0.9965647438461112,0.12422976961309143,False,,
4418733169546761600,229.23193035830846,-0.09930352349635102,0.9479938,0.6307512,0.6532995820377392,0.7483523,-0.760159245285247,1.2682513,-0.803760539489271,0.848506,20.351387,20.743587,19.963804,0.77978325,1.1445478,0.028907346146861163,window,12.623376513238647,0.02347492152263586,0.8757091964993893,0.014407190698469043,False,,
4418733414359900800,229.28712215178246,-0.08579755338181083,0.15962608,0.13278179,0.521681150435834,0.17872171,11.288563672100429,0.19964796,-9.02191693202134,0.16352537,18.409542,19.186434,17.564186,1.6222477,1.0352808,0.0,window,15.98842834784134,0.01,0.039194578753073465,0.0,False,,
4418734750094076288,229.20049500620166,-0.022385067687762335,0.26795325,0.22503994,0.46554443922020566,0.2788725,-44.06665230804223,0.33267066,2.5841865816571077,0.2718193,19.2974,20.139153,18.489117,1.6500359,0.987142,0.0,window,11.97828425775647,0.03633699012260182,0.0006586704394950546,0.0,False,,
4418910981191749888,228.8955684420148,-0.270538759289098,0.18639064,0.15960452,0.6434819247858363,0.20187017,-2.2674367597226395,0.27216423,-4.706068557742533,0.20770928,18.591873,19.604168,17.62133,1.9828377,1.0180796,0.0,window,12.181792656022287,0.03186267574611514,0.0005188527208765394,0.0,False,,
4418912669113921920,228.9026163174654,-0.18263177747449705,0.5848353,0.5832008,-1.2895184214445903,0.6761254,-1.1753847355144709,0.81985855,-0.17536913111066046,0.72573394,20.145954,20.669884,19.426361,1.2435226,1.0035449,0.0,window,8.329862115032109,0.21214166973736445,0.01918109883906219,0.0,False,,
4418913214574806400,228.98572998727877,-0.1886439678228419,0.706907,0.5456012,0.879162205453011,0.69460493,-2.24288329560797,1.0627277,-2.228950718302807,0.93384117,20.449083,20.557499,20.10002,0.45747948,0.98742455,0.8133944983322079,window,5.106714815322874,0.55486726779475,0.752225387599757,0.8222650668402792,True,,
4418913420733249536,228.92829230944093,-0.17388630923036183,0.5595904,0.4867189,-0.07846171379203441,0.60755014,-3.674762395934434,0.883678,-6.28610751878324,0.7842104,20.260155,20.668888,19.776823,0.89206505,1.0624256,0.0,window,6.7461858039434395,0.3624532503598774,0.6140965055247216,0.0,False,,
4418913661251426304,228.98205703288454,-0.16680907137908088,0.51644474,0.4419584,-0.09383921076841319,0.5427548,-3.2476776166432355,0.81428355,-3.317420395253781,0.7128692,20.19781,20.435385,19.78758,0.64780426,0.9838017,0.5359217667429893,window,4.085069307431166,0.6751878921584853,0.9644811151467871,0.6845079264492291,True,,
4418913798690406016,229.01528167503847,-0.145687443345926,0.49452242,0.44787163,0.7249842235714583,0.5499393,-1.9310932805333896,0.71655464,-2.6784268087387026,0.6085182,20.147617,20.361816,19.622906,0.7389107,0.95494676,0.5431103314513588,window,2.083439720923283,0.8549807826783806,0.9906890092565577,0.756814292944928,True,,
4418913833050157312,229.02393371099487,-0.1366288438542201,0.5267629,0.46664536,-0.3942000306100492,0.5929047,-3.044743605719004,0.769837,-2.009865883469043,0.659612,20.249727,20.514326,19.941656,0.57267,0.9864857,0.5779386448686349,window,1.5066799135296454,0.8860006522514058,0.8551023595057368,0.767837638171472,True,,
4418915035641041024,228.930598419153,-0.11125916768913405,0.46439168,0.40452,-0.018054149323438302,0.51703113,-2.035836156549218,0.675812,-2.6231974666338314,0.63718677,20.120398,20.418205,19.875174,0.5430317,0.9955301,0.5960912142433004,window,5.478122629359417,0.5098512188053548,0.6306585199905682,0.6308382247929127,True,,
4418915074296704384,228.93061115096,-0.10151271280009384,0.64620465,0.48632184,0.5515339823747049,0.6562612,-5.086887484676874,0.8627008,-7.265142530490549,0.75404423,20.282404,20.447489,19.657558,0.78993034,1.000252,0.0,window,5.510658085840643,0.5059165150885788,0.8761354796212761,0.0,False,,
4418915722835721344,228.76769498505215,-0.17335640481820921,0.19406374,0.18207954,0.2866285788558649,0.22146118,-8.621471189215255,0.26094332,-2.968458881761231,0.2447417,18.85972,19.352676,18.355253,0.9974232,0.97009486,0.0,window,15.695912614439246,0.01,0.7303292425320359,0.0,False,,
4418916959786680576,228.76936619052708,-0.12504842055458001,0.5034106,0.43204483,0.6292629648597162,0.53591955,2.7800738949580053,0.718458,-2.383967533022746,0.57341564,20.169641,21.08998,19.073889,2.0160904,1.0182035,0.0,window,15.173470096860735,0.01,9.754951011984682e-11,0.0,False,,
4418918372831468288,228.88479350095733,-0.06435850167745742,0.09089571,0.077331595,0.14943008801825622,0.10131473,-11.503500904453006,0.11496273,2.305602502307242,0.094994955,17.593973,17.90992,17.104912,0.80500793,0.997623,0.0,window,8.701009581196336,0.18389390801977704,0.999820864373755,0.0,False,,
4418918437255226368,228.9186078856239,-0.0528101871953699,0.13644738,0.11230467,0.3355914855431737,0.14942077,-0.7366225821511427,0.18055178,-3.801607478904937,0.14559646,18.2525,18.632774,17.737572,0.89520264,0.97400385,0.0,window,7.131035339605137,0.32173600414064063,0.9518356447497166,0.0,False,,
4418918677773349248,228.84189508238165,-0.08502647273418233,0.08906755,0.07831903,0.3005339525816473,0.10041998,-9.775009571926383,0.11811538,-7.658249875510885,0.0984434,17.468067,17.9201,16.885046,1.0350533,0.95698845,0.0,window,10.917329309128682,0.06698462518435543,0.8631126730254889,0.0,False,,
4418919674205701504,229.0548093166325,-0.12293518059773942,0.69624877,0.6357927,0.7950039564262543,0.7303086,-5.38125774823529,1.0776094,-2.35388655855643,0.9448137,20.4447,20.63018,19.712482,0.9176979,0.9639293,0.04732948516973173,window,2.088401109361995,0.8546699413774193,0.519620633375651,0.1011166094628258,False,,
4418919708565435648,229.0313319986421,-0.12619264279646114,0.59754646,0.5470025,0.3701672563799911,0.6539191,-1.524746741217435,0.8564247,-3.595654250379391,0.72667795,20.337732,20.492743,19.923273,0.56946945,0.9962599,0.16514561623232832,window,1.0425291097928038,0.9035841881016031,0.9080758766476524,0.3666226102360231,True,,
4418919949084108800,229.02523034109495,-0.1104846693481765,0.5693163,0.54157674,-0.25981721512231615,0.65269923,-0.8278556836124129,0.8051998,-3.4544560362277723,0.7380487,20.351433,20.777733,20.038555,0.7391777,1.0189116,0.03595675961597922,window,0.2107280994448895,0.9189221516985573,0.9455179384799121,0.10563281912619404,False,,
4418920017803120256,229.02351374596742,-0.10133124930497103,0.26351345,0.23459667,0.06330430340976732,0.3015162,-2.531614390625954,0.36122575,-3.0064680634927963,0.31019315,19.305264,19.542456,18.958752,0.583704,1.0309027,0.4843868282972296,window,0.6236866723082645,0.913871815733794,0.7221892982999878,0.6937398850775599,True,,
4418920189601805824,229.09491997768095,-0.10458334707395776,0.782349,0.66466314,-1.0627769796158788,0.95197254,-2.4021345452454383,1.0150685,-1.540685378037474,0.91299754,20.346266,20.71916,19.96125,0.7579098,1.141241,0.4555159847916372,window,4.401371285036029,0.6390203937430132,0.917815849406826,0.5939292560367597,True,,
4418920567558985472,229.05776647220816,-0.0667481491430508,0.31233034,0.2843971,-0.05661177772083794,0.36829972,-1.843032959379527,0.4268979,-2.8186816419525083,0.3795561,19.579098,20.175083,19.155622,1.0194607,1.0198051,0.11834344961464338,window,3.4457386587800154,0.743175909413736,0.43820876683734933,0.18889942583389172,False,,
4418920808077110784,228.9926658944831,-0.09659842334439163,0.07487137,0.07022678,0.045963539000523745,0.08843239,-2.632803642927949,0.10231055,-2.652220927707334,0.088039815,17.365099,17.553404,17.012197,0.54120636,0.97163326,0.7938399336277785,window,1.9715063141090476,0.8617951873547927,0.8390068422683213,0.8744309687675182,True,,
4418920979877436416,229.02930580620668,-0.06541362556619024,0.6349438,0.5358948,1.0060987741916436,0.6842926,-1.0718908733241785,0.7844587,-3.7694214374515815,0.72859305,20.378242,20.536112,19.924534,0.611578,0.9799953,0.035142676903170064,window,2.8065810137955065,0.8019852636440463,0.9802936491623717,0.07881716791859068,False,,
4418921667070655488,229.02345547807522,-0.032949717729765245,0.30594894,0.2829345,0.38476740247778074,0.33236262,-4.8287514895338095,0.42790487,-2.6274230907822136,0.3928026,19.353598,19.700575,18.930906,0.7696686,1.0707047,0.0,window,4.719939729973566,0.6014374763003318,0.9999699872609186,0.0,False,,
4418924106612311296,228.9455671890288,-0.052871607057800835,0.6302144,0.49020168,0.21467089532405662,0.6595126,-9.740008238021494,0.8773766,-9.226264466734866,0.7309884,20.307577,21.268444,19.48485,1.7835941,1.148497,0.0,window,5.778626153796924,0.4736746636124977,2.1671433035373247e-06,0.0,False,,
4418926133837459584,228.9583897764947,0.0582297196881972,0.3845462,0.36799067,0.4429868299608806,0.4596029,3.093716797815901,0.51885027,-3.693600439068928,0.46038735,19.924763,20.869497,18.732935,2.1365623,0.9630223,0.0,window,10.878988958293926,0.06835037986164419,7.975747464250277e-17,0.0,False,,
4418926374355250432,229.06962538622636,0.030853996571380035,0.47404465,0.3902739,-0.18185424187784188,0.49087995,-2.496208417405461,0.6653526,-2.5012021012810024,0.5388081,19.943027,20.3253,19.447443,0.8778572,0.9116693,0.9055239689431056,window,9.014157861817372,0.16214572120407666,0.7506471224903919,0.8428693762811261,True,,
4418926511794196736,229.01502932476936,0.02737341275752285,0.1258103,0.102571696,-0.009278410633350428,0.13648804,-2.6738008362226426,0.16242939,-2.6909249871586827,0.124309406,18.028112,18.063416,18.023497,0.0399189,0.9999832,0.9322187987101841,window,8.348588840577335,0.21065141712974336,0.1313045658886657,0.7031485967197855,True,,
4418927649960836352,228.98277730904022,0.0711787105544277,0.20858845,0.20245314,-0.14946814327224583,0.2537104,-2.3770787898565415,0.27238527,-2.280162874501706,0.24267739,19.054037,19.447063,18.462673,0.98439026,0.9807653,0.1730841151200676,window,11.215127739928409,0.05703016775203509,0.7135546767798863,0.11370674998019394,False,,
4418927954903621504,229.03284681178815,0.09699599263593452,0.54401326,0.47684425,1.0175914150493244,0.6137533,-2.4341093023864686,0.74213356,-4.597928485330272,0.6419707,20.331179,21.17265,19.35355,1.8190994,1.0240055,0.0,window,12.532981822330997,0.025052610221911402,1.36649423020469e-06,0.0,False,,
4418928165356913536,229.01460890327058,0.10435136139523303,0.06481414,0.06971154,0.1902858034014373,0.082550734,-1.1629785161058908,0.084450364,-2.1314683231407616,0.08179643,17.058752,17.37792,16.568548,0.80937195,1.018802,0.0,window,12.964464561324633,0.018118885967695546,0.9997285498804307,0.0,False,,
4418928195421477120,229.03171780513,0.10840318115908071,0.17581038,0.15859397,0.13965550596291026,0.21012437,-10.425072508248604,0.22650531,-10.81735677800606,0.19126345,18.839693,19.20367,18.253191,0.9504795,0.98740345,0.0,window,13.213328087472565,0.014766708913767067,0.8259161911488191,0.0,False,,
4418937541270223488,228.8536978672713,0.033498802576165,0.24007687,0.22057778,0.3746097107398657,0.2802506,5.226390518084065,0.31886372,-11.855685813517201,0.27820116,19.12944,19.840534,18.303835,1.5366993,1.0767288,0.0,window,13.328309925076855,0.013364995720958403,0.008913215374124369,0.0,False,,
4418938056666674176,228.89044225121287,0.0606256229135884,0.47964442,0.41242394,-0.1551747753900088,0.5532596,-9.481294434882763,0.65337014,-5.480611808895448,0.58050907,20.250206,20.904827,19.272652,1.6321754,0.94727296,0.0,window,12.999763906711383,0.017615977870510245,3.052874913084408e-05,0.0,False,,
4418938572062433024,228.8558765244434,0.08386439211979815,0.18041438,0.16322625,0.37584838565886974,0.20627062,-5.912944232777635,0.23177221,-4.556927643603076,0.21214384,18.652515,19.604414,17.662245,1.9421692,1.0173167,0.0,window,15.387399598925038,0.01,0.000614975788564622,0.0,False,,
4418938915659820928,228.8781753067285,0.08791032097556965,0.44514316,0.39137,-0.037339185963856214,0.49814427,-3.9863372713288623,0.64438504,1.2867825459342463,0.55235213,20.041164,20.933056,19.192675,1.7403812,0.9879546,0.0,window,14.753300584792482,0.01,2.8353462623108033e-08,0.0,False,,
4419020897995106048,229.12586669665893,0.10408530683833325,0.8779397,0.60834926,1.7722773503500686,0.70134187,-12.298938949761663,1.2224152,-9.764471373025177,0.8035359,20.422869,21.131147,19.249464,1.8816833,1.1026042,0.0,window,14.366108190139235,0.01,1.361529783305006e-06,0.0,False,,
4418927061550054400,229.0659080028454,0.06207442392874137,0.26185974,0.22463204,0.033174822691731096,0.29395938,-0.5677383644051568,0.3253302,-3.05373647926265,0.2705097,19.304365,20.179245,18.501663,1.6775818,0.94690275,0.0,window,10.749800415716198,0.07309911130038613,0.00039154405810499837,0.0,False,,
4418937747429036544,228.86905996188446,0.07046942046498868,0.70262784,0.52920926,0.9082260859348885,0.6765107,-2.774252988163794,0.92185646,-10.753976098479807,0.7324785,20.319334,21.321142,19.309055,2.0120869,1.0872833,0.0,window,14.26300616911331,0.01,7.646254258968893e-09,0.0,False,,
4418938331544224768,228.8214277655625,0.05020817763980297,0.4008354,0.35432783,-0.3009151814433396,0.4570702,-2.2698024116957827,0.59317666,-15.277878323641941,0.50625473,19.890865,20.327768,19.334465,0.9933033,0.93123716,0.0,window,15.45752445810485,0.01,0.35983155892662194,0.0,False,,
4418939602854614912,228.98434960249648,0.11098879835704313,0.45755616,0.42244348,-1.3311400167531493,0.5689661,-12.593887521308279,0.63449365,2.417593399786795,0.6042887,20.16169,20.721178,19.728222,0.99295616,0.8755591,0.0,window,13.544034870229861,0.010971070799857688,0.3340239633824241,0.0,False,,
4419017839978388864,229.14747733824385,0.07578280340236807,0.6557597,0.5261579,1.477614172068024,0.67493355,-20.38341528167237,0.8701467,-37.124383837820396,0.6564162,20.422148,21.779568,19.135664,2.6439037,1.0655675,0.0,window,13.53421305535412,0.01107360240050817,4.4203997020200404e-16,0.0,False,,
4419017874338128384,229.15659528226425,0.08455436451600212,0.5317467,0.4198225,1.145266391682526,0.51697063,6.552389326193406,0.74414533,-20.281905673386788,0.53313226,20.165064,21.777622,19.06228,2.7153416,0.96374446,0.0,window,14.276884317842901,0.01,1.7986818260600932e-24,0.0,False,,
4418939637214349184,228.97021232470317,0.10784621516247966,0.21084672,0.19199495,0.5767798614884007,0.2541662,-25.80958607571088,0.27348995,-4.5055088437823585,0.23436043,19.072762,19.474796,18.551039,0.92375755,1.0229458,0.0,window,13.527072453692947,0.011148523198337729,0.8392276236648155,0.0,False,,
4418719322571478784,229.01567462409457,-0.33269493841302866,0.30417076,0.24763502,0.3641986334060603,0.3115401,-0.568511673495757,0.46067622,-0.21244089784877207,0.3786785,19.416319,19.997349,18.730694,1.266655,0.94464666,0.0,window,13.270953885081935,0.014052959091979627,0.07036500840435814,0.0,False,,
4418719391290957952,229.04373237192613,-0.32630388401687044,0.23269519,0.20417963,0.3045403123984836,0.26899225,-8.29767554230116,0.31317967,3.817624155776187,0.2730678,19.151697,19.579504,18.087946,1.4915581,1.028588,0.0,window,12.948662883980514,0.01834703114497888,0.01399815095302775,0.0,False,,
4418720353364321664,229.15905627587122,-0.30837266882756365,0.25763816,0.21233675,0.06661287111810013,0.29065636,-4.3809294638193705,0.3394577,-4.795751579220752,0.26133552,19.149807,19.640348,18.586525,1.0538235,1.0665008,0.0,window,14.39140441441468,0.01,0.5191218750568234,0.0,False,,
4418725507324419584,228.99351893308375,-0.20357788657740272,0.7120073,0.6034547,0.3500089945974877,0.7416847,-2.89911544375249,1.1702898,-1.5244505479701613,0.96813375,20.416828,20.714128,19.886312,0.827816,1.0544503,0.5046912471890062,window,5.775421082615232,0.4740580586453979,0.749296552871835,0.566047009931872,True,,
4418725679123113088,229.05190316304945,-0.1972427244042304,0.49148753,0.42076072,-0.04866943930136816,0.5697712,-3.4434160864356356,0.6734251,-2.7673267430053565,0.5730712,19.970987,20.166948,19.200283,0.96666527,1.0574807,0.5666483008770707,window,5.444768630174284,0.513887935424524,0.40758500337270487,0.565123455106473,True,,
4418725885281550208,229.02980957451948,-0.18113848564362592,0.36675054,0.30637157,-0.5907064026440386,0.40318617,-6.040750938511254,0.5250394,-3.2050271858333232,0.4068135,19.635948,20.196163,19.13583,1.0603333,1.0442379,0.0,window,4.199212262129407,0.6622942587644712,0.3034322665640747,0.0,False,,
4418726572476978304,229.2224049275461,-0.2403730468152675,0.26547566,0.21912348,0.5677845773812681,0.29334995,-3.0581049490023586,0.32484826,5.855116158182872,0.26449403,19.325136,20.011557,18.453417,1.5581398,0.9993288,0.0,window,14.297708058408197,0.01,0.00236793873329203,0.0,False,,
4418728153025216000,229.19718933438762,-0.17121445849935393,0.6872492,0.5553859,0.2445409119320386,0.75192285,8.213401822189363,0.87405217,-46.83127576472379,0.7325838,20.464169,20.815378,19.574093,1.2412853,1.0272927,0.0,window,11.108934432495735,0.06044952837005998,0.04734514280238888,0.0,False,,
4418729634787909632,229.27181894700038,-0.15449559669648494,0.902218,0.6500971,1.1133351783473817,0.87410027,16.421199451806558,1.1492424,-39.95001195564905,0.86713713,20.469868,21.612926,19.342861,2.2700653,1.0270498,0.0,window,15.21438106401492,0.01,2.0992700017595842e-10,0.0,False,,
4418731314120885504,229.20548080285238,-0.13962262441945622,0.3693947,0.31411248,0.07213417226483448,0.41257143,-4.1450703247926795,0.47811648,-0.09405093251807413,0.3926264,19.696936,20.273312,18.886765,1.3865471,1.0396942,0.0,window,11.142413690958815,0.05935621571272154,0.0034782490118853886,0.0,False,,
4418731726437081856,229.09027446336773,-0.15649276952237506,0.6263824,0.5855958,0.5461899818026275,0.7453862,-7.624386542790823,0.9270127,-11.837342068177243,0.8514939,20.125885,20.31818,19.824064,0.49411583,1.1482292,0.0,window,4.907695684800493,0.5789168789852722,0.4794700615216898,0.0,False,,
4418731898235776000,229.0636949187257,-0.15116857439820633,0.70851654,0.64927626,0.8114697782813352,0.79666823,-3.589529354562845,1.1611086,-2.5792802456528086,0.99942476,20.437187,20.75613,20.044895,0.71123505,0.9324976,0.7597646463512728,window,3.4532492615524655,0.7424255251261115,0.9606426496057215,0.8622684485675497,True,,
4418731966955254016,229.04830261352978,-0.1483052979405296,0.73422337,0.71791416,-1.7129781569190023,0.7829096,-3.301342768250593,1.1198813,-2.8611407688749084,1.0459961,20.32085,20.607414,20.182173,0.42524147,1.0435532,0.8619622002325139,window,2.712885421882895,0.8097027636700029,0.5336523422235803,0.8208450595987005,True,,
4418732894668853504,229.24760784267718,-0.11003403617502922,0.64891946,0.49278143,0.5499786484417607,0.6398264,0.6866445592277981,0.8376648,0.32544278014873423,0.6000589,20.361286,20.547726,20.195541,0.3521843,0.96074957,0.0,window,13.542770808405203,0.010984232779281693,0.39421174740655096,0.0,False,,
4418733272625976832,229.2669055416133,-0.09772225861231701,0.22517614,0.17876023,0.16446264902252872,0.23656517,-12.208217127745026,0.2677636,5.188910318645054,0.2091434,18.94972,19.554314,18.211348,1.3429661,1.039503,0.0,window,14.723867895476424,0.01,0.10748676775802321,0.0,False,,
4418733547503885184,229.23050121984102,-0.08457533798251124,0.3042373,0.24028036,0.012372282314990775,0.31505877,-0.8949770295449027,0.40679866,-0.4591890821096551,0.30185977,19.36528,19.700726,18.812897,0.8878288,1.151558,0.0,window,12.620645398589321,0.02352158317057056,0.8645991850318686,0.0,False,,
4418733959820745216,229.20269283649677,-0.08686449961776847,0.20249227,0.15428491,0.5084709404629156,0.19857836,-24.199422513489246,0.25499693,-16.01822611274813,0.19293785,18.74112,19.410933,17.94961,1.4613228,0.9743944,0.0,window,10.948606053912899,0.06588502201224564,0.0652450456877096,0.0,False,,
4418911324789155072,228.8476816104635,-0.24034804737940005,0.4821514,0.43311316,0.3772030334694661,0.52900666,2.8259050845507945,0.7572323,3.947135622396622,0.7436124,20.021887,20.07941,20.096905,-0.017494202,0.99089617,0.0,window,12.997721742589656,0.01764481981233458,2.9029475062916918e-05,0.0,False,,
4418911462228104576,228.8962096162855,-0.24623885008653396,0.46945685,0.43733877,1.3406735021553449,0.5304489,-6.873642017281189,0.70544535,-10.112139372970207,0.58820343,19.975178,21.036942,18.86758,2.169361,1.0499035,0.0,window,11.051347305657103,0.06236353870037456,4.290474482205733e-18,0.0,False,,
4418912699178729344,228.87671383228016,-0.19177139575258023,0.09265257,0.086634636,0.2190317705670126,0.10643723,-8.502245944397846,0.12542391,-1.3697554040375444,0.111889206,17.596573,17.910948,17.14563,0.7653179,1.0298784,0.0,window,9.951031387889392,0.10787876009364054,0.9971645498934094,0.0,False,,
4418912836617692160,228.8331262740452,-0.18040735389962662,0.36955488,0.32753628,0.34137027356387134,0.41124162,0.6065735008934912,0.46441445,-6.647527978807861,0.41750324,19.743944,20.119532,19.323189,0.79634285,0.931441,0.0,window,12.055347813887895,0.03459496346496849,0.9814700830763883,0.0,False,,
4418913626891690368,229.01452344814967,-0.16515946663395303,0.5840235,0.47828135,-0.496724943821212,0.61601007,-2.639146183676064,0.90043694,-2.301995876667769,0.7262307,20.205132,20.631142,19.479567,1.1515751,0.9941297,0.8866458102837225,window,3.243903080665894,0.7628510827636159,0.07546220012998393,0.6930984131306833,True,,
4418914829482596864,228.96812508410756,-0.11986579820220497,0.32085234,0.2791049,-0.41790647495538225,0.36239204,-2.921245307673953,0.44576523,-2.7484489399075485,0.4006312,19.652098,19.90664,19.058466,0.84817314,1.0119016,0.8924527327695568,window,3.2643827137372234,0.7608988547162788,0.9049164121167949,0.9251909777507237,True,,
4418914863842352512,228.9806443205087,-0.10900486519904666,0.4385484,0.39893475,-0.3714216818327871,0.5090578,-2.9880783689571997,0.6312262,-3.0377741449753577,0.56569016,20.009872,20.299086,19.615961,0.68312454,0.93019146,0.7373550894668203,window,2.480228555494503,0.8277915104816893,0.9286738084068833,0.8589504442426252,True,,
4418915035641044480,228.92021996726808,-0.10896434790149472,0.46662828,0.348488,0.05894696917270637,0.48811737,-4.966563428024735,0.5462226,-2.344232217001433,0.45012575,19.8759,20.85447,18.984043,1.8704262,0.99306375,0.0,window,6.102839616029461,0.435289812196256,1.6371072830202244e-10,0.0,False,,
4418915825914947456,228.83980767284638,-0.1640749936281817,0.19280183,0.18025155,-0.04111300219919897,0.224186,1.24794768867378,0.25201285,-9.184326372659136,0.22424622,18.874216,19.28227,18.331816,0.9504547,0.9854251,0.0,window,11.370136901884239,0.05228854115999683,0.8204873992062852,0.0,False,,
4418917337743539968,228.7933339051299,-0.09345688838659866,0.53242934,0.48693597,0.2204232059320267,0.62437564,-8.861302404264917,0.85165054,-33.721744560993685,0.72252584,20.176573,21.196568,19.299416,1.897152,0.9129442,0.0,window,13.757076814470633,0.01,6.430620166608263e-09,0.0,False,,
4418919639845933568,229.04514121587434,-0.14189228995771605,0.14236182,0.12280433,-0.24452984643073133,0.16077985,-2.767349193811641,0.19300288,-2.358971043433519,0.15784642,18.228539,18.703568,17.626728,1.0768394,0.87668675,0.283305522936452,window,2.29084910653918,0.841353566582408,0.7086138198531532,0.46495431679337995,True,,
4418919674205691264,229.04519095953802,-0.12933170020333581,0.092122935,0.07903101,0.16242048777310697,0.10477087,-2.9536649244109188,0.12417204,-2.716121258581082,0.0982399,17.479757,17.566065,17.375626,0.19043922,0.9632617,0.3388394739235879,window,1.7563506907469324,0.8738212689623956,0.3733733327544238,0.48648555243252023,True,,
4418919880364153856,229.06600158314936,-0.11023109252291718,0.6885326,0.60338414,-1.3458649845239532,0.692325,-4.182985959215205,1.0403975,-3.2483397547497654,0.8875096,20.372293,20.48488,19.885181,0.599699,1.0238663,0.30492390191155483,window,2.647364386378271,0.8149533822120097,0.9670982454011622,0.5108868505136333,True,,
4418919953379726720,229.03102938842042,-0.10542108502298114,0.5101599,0.4869207,-0.8166289044748991,0.5923251,-3.046992936838947,0.7330716,-3.2415263683699242,0.69715196,20.218084,20.456186,19.751577,0.7046089,0.92548597,0.6442033479039446,window,0.6614286547142016,0.9131592776261381,0.9991017851475873,0.8504062014472213,True,,
4418920052162864640,229.044240736718,-0.0971487560697205,0.25025064,0.23143864,-0.01267710236678712,0.2895357,-2.8037229164949764,0.3326853,-3.7799673992391436,0.2993425,19.274271,19.68392,18.585201,1.0987186,0.94359165,0.0,window,1.5964342356816674,0.8818420942401205,0.3673400895738723,0.0,False,,
4418920498839492736,229.0700520516364,-0.07732646617101827,0.5023602,0.47259992,-0.6236147685509039,0.5607453,-3.4368871531426635,0.68189794,-1.4204010237756677,0.6479812,20.14001,20.697094,19.82694,0.8701534,1.0326397,0.10066099990240042,window,3.5462418198640737,0.7330306613989419,0.7096755579457199,0.17608387503139125,False,,
4418920739357629184,229.00130413965738,-0.10000879066323846,0.085262634,0.078425534,-0.10495485492959944,0.10131161,-2.600983670928344,0.11120122,-2.7373829385663004,0.09589197,17.567574,18.044392,16.94106,1.1033325,0.9732588,0.5750953422647344,window,1.418012114248221,0.8898668219881694,0.7706108910629261,0.7501497847983232,True,,
4418920846732620928,228.99358508554533,-0.08656244023580437,0.3072996,0.274177,-0.2896843211243587,0.35451117,-3.279463235420783,0.41377893,-3.5146077158412017,0.36096978,19.547094,20.085482,18.92763,1.1578522,1.0054319,0.031037878815132893,window,2.2678180386078735,0.8429304373097871,0.15132835248081103,0.057706176755191685,False,,
4418925244779424000,228.91308528177038,-0.00547270062032482,0.5913865,0.427253,-0.22302651046178426,0.5898587,-2.3831754272476418,0.875159,-3.9453245011662457,0.6383034,20.159086,20.849617,18.963207,1.8864098,0.9444046,0.1255724574002998,window,9.119921378964914,0.15522285985640283,5.635220932361364e-09,0.08361133606018341,False,,
4418922629143740032,229.20462838756694,0.010447859740479617,0.15961275,0.13227876,0.46526061094440735,0.17016874,-4.89796066609726,0.21318734,1.6537376819591048,0.1674825,18.584515,19.226387,17.869709,1.356678,1.0110257,0.0,window,13.184338483605865,0.01513444901278987,0.17782220441161162,0.0,False,,
4418924965606323968,228.97577026061657,0.009178507561583688,0.31590638,0.25955886,0.9176764099816668,0.34388497,-2.182389451409014,0.4202932,-5.1778920701958615,0.33154628,19.4485,20.275606,18.708504,1.5671024,1.0015538,0.0,window,7.757281328941461,0.26104584468417674,0.0008714381611661589,0.0,False,,
4418925584081243904,228.9239041985504,0.015084013696257913,0.39248696,0.35610223,0.2348441544662769,0.4919289,-5.6273344779548005,0.50026095,2.040221280639443,0.4323888,19.734066,20.398973,18.775646,1.6233273,1.0587531,0.0,window,9.609741306664581,0.1258483055683827,1.2562224133858013e-05,0.0,False,,
4418927851824408576,229.0018503369671,0.10065408414539705,0.49001256,0.4595177,0.8957568799937948,0.54944885,-17.03898277785324,0.6473249,-9.408390434781658,0.59356153,20.14628,21.315058,19.138563,2.1764946,1.0556941,0.0,window,12.79193579238662,0.020713173226623346,8.398022417969156e-14,0.0,False,,
4418938125385832064,228.8776653812514,0.08151949095335831,0.28507173,0.25812587,0.6068487727918084,0.3324431,-4.075495480835755,0.38885888,-6.222435125154678,0.33967677,19.554937,19.852283,19.045204,0.8070793,0.9699723,0.0,window,14.462201173379418,0.01,0.9780074694023783,0.0,False,,
4418938365903967744,228.83350008201631,0.05332833898333547,0.14352085,0.13051152,0.454344764731907,0.1690686,-8.962415232426531,0.19258472,-6.903769041432656,0.1668646,18.48106,18.90435,17.91807,0.98628044,0.96987444,0.0,window,15.023471807934252,0.01,0.8178125472046375,0.0,False,,
4418938434623451520,228.82162908571263,0.060043493556507455,0.48174006,0.46997082,-0.23939313709695606,0.55219555,-9.771260310612472,0.72631395,-8.313077189460714,0.7919299,20.138763,21.123392,19.286947,1.8364449,0.93583655,0.0,window,15.8256498433619,0.01,1.62577406994112e-08,0.0,False,,
4419020829275363712,229.13694556055003,0.09840647633688368,0.16982336,0.1428625,0.36804556590123566,0.18286097,-9.50284320163071,0.21660332,-6.255479463621601,0.17958635,18.552805,19.506504,17.46606,2.0404434,1.1093743,0.0,window,14.367231577836943,0.01,0.00031345171577903464,0.0,False,,
4419022169305168256,229.0649181086409,0.14210631309878521,0.4695827,0.38873985,-1.1133007904741419,0.5141851,-2.875104783666284,0.59125286,-1.716201538690466,0.49299946,20.138391,20.313023,19.74745,0.56557274,1.120406,0.1708413711830529,window,15.439650198213599,0.01,0.726059779923025,0.06928121784882195,False,,
4418721693393452544,229.13562760841302,-0.2366611932049332,0.2933354,0.2601636,-0.030308017055498158,0.3333771,5.361462407708919,0.34022033,-10.628563234994493,0.2997542,19.367897,19.801006,18.866592,0.9344139,0.9517393,0.0,window,10.142346809735873,0.09865255156847468,0.7549190914819881,0.0,False,,
4418721865192114432,228.9717700655461,-0.343798820008937,0.40621588,0.37123558,0.29435840672798813,0.45974556,-2.843627270151736,0.56613207,1.0554838524279717,0.5233686,19.94574,20.138544,19.510593,0.62795067,0.98437077,0.0,window,14.25291037326341,0.01,0.7112532371797804,0.0,False,,
4418721899551853440,228.98534869898168,-0.3411519761715312,0.56598866,0.6265652,-0.4253739998997974,0.7616645,-8.0125927822089,0.7975703,2.0099929613904584,0.8089494,20.292826,20.6773,19.644423,1.032877,0.97353375,0.0,window,13.946625695358,0.01,0.2546839521471695,0.0,False,,
4418723102142895744,228.88799778801686,-0.3032648068806464,0.8668197,0.7748729,0.07539529703669758,0.95714027,-13.696484650104457,1.2441561,0.8454969539570941,1.1428826,20.440245,20.911865,19.410646,1.5012188,1.1311197,0.0,window,14.028345489399538,0.01,0.001721889765778228,0.0,False,,
4418723651898531200,228.93263832297055,-0.2696895236923155,0.45290503,0.387974,0.2841637438934688,0.4862694,1.6690518497767632,0.6120686,-11.361835647001177,0.51366156,19.831135,20.61237,19.085945,1.5264244,1.0321041,0.0,window,10.89291932095909,0.06785187456623533,4.109728180465564e-05,0.0,False,,
4418724923208864128,229.098064644011,-0.21385618217313726,0.24843273,0.21816325,0.11585889599528885,0.30467507,-2.811269899315266,0.29825526,-2.8755375059934822,0.26533955,19.11712,19.495382,18.532564,0.96281815,0.93206125,0.712788969729123,window,7.650260650030884,0.2708969501814828,0.7476011549485493,0.6927672587134347,True,,
4418724991928344448,229.08689662146486,-0.20304241364710646,0.41074345,0.35732815,-0.7281885909005648,0.494135,-1.7763825808656049,0.54725665,-2.3863465120040384,0.4828084,19.805277,20.11635,19.27007,0.84628105,1.0161064,0.19859041709490757,window,6.731310068393914,0.36407437516936697,0.8847472697169647,0.23833958450447534,False,,
4418725610403633664,229.06147711726814,-0.20630069693705583,0.7824872,0.59154934,0.5704937027944812,0.7546583,-4.0088236902220205,1.0875622,-0.884193476010757,0.89098144,20.405478,20.804838,20.328077,0.47676086,0.9482184,0.07180550270324526,window,6.158281527240566,0.4288189803588913,0.7592530569136976,0.09309268129309746,False,,
4418725816562073600,229.06113236223544,-0.1810114627394455,0.2145681,0.17915106,0.19482347506509207,0.22332665,3.6581842467509422,0.30437568,-12.995573948612751,0.24843466,18.777733,19.04322,18.32041,0.72281075,0.96093076,0.0,window,4.783894317429405,0.5937904131213969,0.9821982506675154,0.0,False,,
4418725954001029760,229.0194955846842,-0.17648240830778955,0.08217603,0.07084905,-0.09106449034891503,0.09246032,-2.4413910820701386,0.113049336,-2.7675629359738187,0.08702505,17.272638,17.576366,16.802446,0.77392006,1.0360051,0.11133930578687412,window,3.8956166592757717,0.6961338464242561,0.9983130406954652,0.19953766788416144,False,,
4418726057080247552,229.03522667553173,-0.16595026285235043,0.65866035,0.5424923,-1.4740059731054567,0.6898618,-2.8875649305106834,0.9811307,-3.441337032058809,0.8204283,20.370218,20.462217,20.151562,0.3106556,1.0141594,0.6271929271809663,window,3.357615589164334,0.7518839796388184,0.31143816067458024,0.6353290275644811,True,,
4418726572476978048,229.23582944736935,-0.24411531564271988,0.26546225,0.21842371,0.6879559892991148,0.28695714,-0.923671011291584,0.34348148,-0.3184154697937813,0.2768255,19.267418,19.599775,18.797445,0.80233,1.069768,0.0,window,15.098787942330395,0.01,0.9900862839484851,0.0,False,,
4418727843787300864,229.20768752613353,-0.2120849218012721,0.086164474,0.07781779,0.2795924539244282,0.099665195,-7.94077841034605,0.10526466,-4.7985623876904135,0.0903534,17.53963,17.961964,16.965504,0.99645996,1.0428386,0.0,window,12.67322911981686,0.022634033281166456,0.8974727402786922,0.0,False,,
4418731039242311808,229.1344011497752,-0.16325439261190408,0.43570477,0.3640457,0.5470360813266711,0.4871528,-1.3141816305089398,0.582926,-13.904836458166226,0.47978008,19.864927,20.19616,19.296387,0.89977264,1.0211692,0.0,window,7.427563063001218,0.2920944451386529,0.7018921168561973,0.0,False,,
4418731039242315136,229.13122619224046,-0.1560241008645673,0.26926348,0.22389762,-0.015271084162940306,0.29494473,-3.0957234349010156,0.34436673,-0.1984486134666249,0.28119782,19.057396,19.429426,18.520271,0.9091549,1.1620483,0.0,window,7.08042499629281,0.3269504500051411,0.8688217337546418,0.0,False,,
4418731077897659008,229.17295368333492,-0.1717721430723414,0.041176874,0.036423843,0.17060171767011661,0.051742405,-4.7175083426899995,0.047119934,-3.404930894820382,0.03934586,16.028086,16.45799,15.4375725,1.0204182,1.0437399,0.0,window,9.755825733756362,0.11791410016462503,0.878968785983418,0.0,False,,
4418731966955255168,229.0504775268772,-0.14524801532355822,0.5619397,0.50377166,0.9627386296236446,0.5837833,-2.002736757693847,0.8530516,-4.067189495844811,0.7648653,20.123829,20.480448,19.609459,0.87098885,0.9091184,0.13046184262213362,window,2.6487542667030946,0.8148432637476848,0.7118819241164464,0.24653943557687394,False,,
4418732039970339968,229.08711410182886,-0.1451962658576897,0.03299772,0.028031541,-0.012534791727499224,0.03695967,-2.670276125460825,0.0414817,-2.6554277616023048,0.03374549,15.310661,15.946098,14.541061,1.4050369,1.0415497,0.8587690270278822,window,4.401551917152247,0.6389993727295815,0.3799553688625324,0.7625807312994153,True,,
4418733547503884288,229.2414723203355,-0.09177613724351565,0.49748686,0.4000037,0.0039341419978773245,0.48372674,-2.0400958820708808,0.7470269,-7.954051060122095,0.5292774,20.01445,20.357374,19.428463,0.9289112,1.0310388,0.0,window,13.22789867420861,0.014584080645613522,0.538787047353526,0.0,False,,
4418733616223362304,229.22315722367318,-0.07802137767444688,0.33096597,0.2713271,0.4387964347621121,0.3483493,-4.1874878907923225,0.40752476,-1.7895097866732705,0.3172613,19.448923,19.685036,18.917109,0.76792717,0.91498625,0.0,window,12.24232923266916,0.030608603486384976,0.9999728848249734,0.0,False,,
4418733891100613504,229.16377033939628,-0.08832010328176738,0.2574531,0.2014801,-0.03447418272399397,0.25881562,-14.923994176638747,0.35029796,-1.0715132771753453,0.26032174,19.204586,19.698277,18.697151,1.0011253,0.9100454,0.0,window,8.6260450702481,0.189381600005469,0.6313947080670884,0.0,False,,
4418734097259044224,229.15262463417858,-0.0801604488450445,0.057329178,0.050949946,0.21058823141591676,0.066387795,-6.77044212246538,0.07736769,0.07839522488414191,0.06662618,16.657633,17.147095,16.01248,1.134615,1.0084594,0.0,window,8.067113355414827,0.2337818563058519,0.7433438951775971,0.0,False,,
4418734372137607040,229.22063946841467,-0.05778091458458216,0.2178367,0.1596174,0.5047150132418491,0.20959143,-2.438084916298754,0.28084767,-2.5648395778653703,0.19636415,18.593298,19.66132,17.470768,2.1905518,1.0563866,0.5704904286684519,window,12.353841244159407,0.028387491145772294,3.000149191417406e-05,0.2946682503646982,False,,
4418912836617688960,228.83084319831607,-0.18430916676427891,0.21008472,0.19434768,0.1514071579025438,0.24328208,0.07484418548609435,0.28596348,-0.10776844792016049,0.2654265,19.00114,19.257517,18.612188,0.6453285,0.97364795,0.0,window,12.265442074907359,0.0301388417677379,0.8878717123272591,0.0,False,,
4418913695611173760,229.00541613771023,-0.16099157299253528,0.07640763,0.06746616,-0.031684063328911785,0.08863201,-3.029587018315513,0.1048235,-2.7657632603823896,0.082833976,17.262648,17.519402,16.75334,0.7660618,1.0722642,0.08138303257412059,window,3.124176532158486,0.7740567650023569,0.9971043538429931,0.16584368693326598,False,,
4418913798690402048,229.00500616786408,-0.14817820403865983,0.5787547,0.50433934,0.8497028329320003,0.6208082,-1.9338827543147101,0.8559647,-2.4548640889692424,0.6687341,20.092457,20.23655,19.562193,0.67435646,0.9922395,0.6249591051698894,window,2.4174606039709796,0.8324035788513272,0.9586003289524794,0.7987014333006857,True,,
4418914318382327168,228.94244693013837,-0.14227385862116015,0.07598509,0.066852264,-0.09052870946356353,0.087416284,-5.800532703102329,0.09823152,-7.267369753969095,0.08608909,17.361002,17.718767,16.795025,0.9237423,0.95455426,0.0,window,5.110102451775029,0.5544569144541823,0.959942956946183,0.0,False,,
4418914863842361088,228.9881092462095,-0.10331839109090078,0.62341934,0.6121147,0.9603160571372419,0.7161719,1.176202574091539,0.9305465,-12.535773791356922,0.920533,20.37357,20.677649,19.8517,0.8259487,0.96758527,0.0,window,2.0874445433196955,0.8547299302096938,0.7652804316341403,0.0,False,,
4418915001282786048,228.94528786818321,-0.10486357434103927,0.6858144,0.6075273,-1.280418304352815,0.74766314,-3.0176645714752013,1.0080973,-2.565514417819967,0.9380507,20.427816,20.370453,20.156452,0.2140007,1.1225636,0.9562692718853758,window,4.614454816732277,0.6139842861257491,0.19473038725317307,0.7535800060828587,True,,
4418915344878577920,228.78383267361704,-0.19845251399090622,0.38132623,0.35761338,0.9213450424954168,0.43554902,3.779466406620572,0.52173525,-19.49646848533697,0.49682337,19.873415,20.234943,19.236187,0.9987564,0.99388325,0.0,window,15.204904005014292,0.01,0.3525033411097386,0.0,False,,
4418917028505858048,228.8043791532274,-0.11704361834858151,0.2398154,0.21415803,0.34812585996746315,0.2716785,-6.867009070683679,0.31674087,-9.512700448984772,0.2711615,19.068735,19.61695,18.362417,1.2545319,1.0384359,0.0,window,13.055312332970814,0.016843244972993145,0.169553879702826,0.0,False,,
4418918304111988352,228.90133979784585,-0.07837484372755524,0.10415756,0.089671984,0.13350394119401401,0.11672391,-0.5042607218979253,0.13313934,-7.572793904429975,0.110052995,17.835651,18.178457,17.370632,0.8078251,1.0460919,0.0,window,7.503267658502861,0.2847838465988043,0.9992956283508535,0.0,False,,
4418918372830521984,228.89872587899964,-0.06591259962710092,0.4445881,0.36640576,1.4625811657047025,0.4839593,-9.763191801862737,0.59696513,-23.07425842257398,0.4687228,19.786093,21.274652,18.54149,2.733162,1.0645409,0.0,window,7.882443927932479,0.24980599194597022,3.905784588001628e-28,0.0,False,,
4418919124449989376,228.8714984488757,-0.0543397264225789,0.41216755,0.36494654,1.3776839667287069,0.45573607,-7.7035259896201715,0.58491653,-1.0098460052371152,0.50614655,19.918455,20.769184,18.851404,1.9177799,0.94331324,0.0,window,9.655951889255926,0.12329856340650343,5.1203849821790885e-12,0.0,False,,
4418919639845948928,229.03877603120253,-0.13448375412291014,0.32457674,0.26405007,0.35645130814589704,0.34967273,-2.81435210317995,0.4578819,-3.1552689983221014,0.33179906,19.39541,19.779558,18.778759,1.0007992,0.97457653,0.3456366143864619,window,1.7060117189161226,0.8764305724948497,0.567017248515698,0.5276414005818231,True,,
4418919919019128960,229.02902182154284,-0.12095843386652139,0.64365655,0.6418814,-1.2044198086347948,0.7596081,-3.166246736812613,0.95008886,-1.9645168680975247,0.95671254,20.397718,20.379337,19.579218,0.8001194,1.0013055,0.6968788009941118,window,0.7056072297993327,0.912271509907406,0.8188430672893388,0.83740958002682,True,,
4418919949083634816,229.02881544106128,-0.10641785705311574,0.63023496,0.5553737,0.11747433614449951,0.7410702,-1.7619520619063844,0.96517074,-1.190317323032576,0.7537886,20.235813,20.640692,19.855278,0.78541374,1.0388669,0.09534344332193381,window,0.5184977309219111,0.9156351096184696,0.9004531337860714,0.244370289783244,False,,
4418920017803410688,229.02285467742252,-0.10243239202106795,0.41523784,0.37537006,0.16051928388444187,0.48112452,-2.883374082279038,0.5767521,-2.790897144987691,0.5351673,19.92378,20.165403,19.425873,0.73953056,0.95790136,0.9361866923918359,window,0.553030912050399,0.9150923003060683,0.9930100735402002,0.9772233729078267,True,,
4418920120882353280,229.03317991984363,-0.08926000786237138,0.16403654,0.14778192,-0.008195394729900192,0.19173847,-2.5765043959288514,0.21207565,-2.3210181353883548,0.18524773,18.476969,18.947119,17.836731,1.1103878,1.1138699,0.23102174621194063,window,1.5015728046314851,0.886229862956717,0.5952635918755405,0.4138053963860081,True,,
4418920395760278784,229.0992820627325,-0.07659237843076491,0.47145993,0.4323295,0.09370605362485447,0.5228912,0.7642630156092023,0.6247608,-0.1970056031353138,0.5833113,20.088976,20.46317,19.806543,0.65662575,1.0092909,0.0,window,5.09593761136507,0.5561725824346739,0.9246179972348683,0.0,False,,
4418920498839503232,229.07918286138212,-0.0705573448802207,0.10140883,0.091086574,0.19929496906980626,0.11929213,-15.072554981161458,0.12875232,-6.535648196096559,0.11358622,17.822895,18.071922,17.368677,0.70324516,0.97125137,0.0,window,4.228111620394837,0.65899994099545,0.9743853420611815,0.0,False,,
4418921941948554112,229.13283009762114,-0.04018303866540819,0.24147886,0.20871021,0.5786571868419289,0.2656787,0.8462082049712598,0.31328896,-10.416735271327864,0.26014313,19.13412,19.935266,18.23308,1.7021866,1.0615958,0.0,window,7.9158676126289,0.24685615102168598,0.0008994488173636862,0.0,False,,
4418924072253745024,228.96235666079795,-0.05710807357145319,0.45011237,0.40580443,0.1263780094239657,0.51529044,-22.388695333668224,0.61006004,-10.470326991418359,0.54686165,19.979198,21.004208,18.995985,2.0082226,1.0290452,0.0,window,4.842845962678337,0.5867184971467047,2.917412949725722e-14,0.0,False,,
4418924415849977472,228.93083328140412,-0.030396962647065377,0.41464326,0.32864758,0.5197247309851967,0.42896876,-5.7883147279258385,0.58824426,-21.92266783660749,0.49920845,19.825867,20.649885,18.922958,1.7269268,1.0383592,0.0,window,7.320749727514633,0.3025891933260477,1.1690340385966245e-07,0.0,False,,
4418922766582693760,229.14734120418126,0.012977308208418355,0.26039112,0.21046,-0.017176805376109033,0.2769573,-4.5681664344132376,0.3421716,-4.319034190277114,0.26725423,19.065731,19.990881,18.0716,1.919281,1.1571193,0.0,window,10.607440323775338,0.07860074870792301,4.4487050585894695e-05,0.0,False,,
4418923659940375296,229.16491080873334,0.039109144150489675,0.5129666,0.42452747,-0.6452800866764509,0.5465413,-3.5853185763453754,0.67999816,-2.06129822926287,0.5200206,20.16572,20.308216,19.835447,0.47276878,1.0012745,0.2464277167194823,window,12.465750512068945,0.02627122157248856,0.4699371406856213,0.12565426695181126,False,,
4418926236916262656,229.0427689364177,0.0072117718843520496,0.62543154,0.5516066,0.48786116966057524,0.7020142,2.9214716219797565,0.84244263,-3.362812236148728,0.78405046,20.281366,20.297176,19.656097,0.64107895,0.86722976,0.0,window,7.237837575935173,0.3108783977204185,0.9826865853642764,0.0,False,,
4418927856119269248,228.99384680497434,0.10056686620237264,0.09246433,0.09124436,0.04344283499098176,0.112551,-3.0773264739021764,0.11729079,-0.6502328733608804,0.10594396,17.460566,17.60026,17.24555,0.35470963,1.1375934,0.0,window,12.840807154009859,0.01995495536680353,0.5939255242134085,0.0,False,,
4418928298500696064,229.04338790540646,0.11488198415109918,0.24058454,0.2112287,0.35738873268114313,0.28198674,-3.405905682017109,0.29884386,6.8138121954925825,0.2517804,19.262403,20.018534,18.319702,1.6988316,1.0050414,0.0,window,13.649942963225701,0.01,0.0003787195187106193,0.0,False,,
4419017844273558656,229.14414054100806,0.07068876920660112,0.5004609,0.3961587,-0.16009337966191048,0.51021665,0.25236577624654505,0.64921546,-2.995010078157099,0.49450818,20.045616,21.032982,18.973225,2.0597572,1.010836,0.0,window,13.168857155963353,0.015333238043496818,9.376020795511155e-14,0.0,False,,
